#
# There is insufficient memory for the Java Runtime Environment to continue.
# Native memory allocation (malloc) failed to allocate 1659872 bytes. Error detail: Chunk::new
# Possible reasons:
#   The system is out of physical RAM or swap space
#   This process is running with CompressedOops enabled, and the Java Heap may be blocking the growth of the native heap
# Possible solutions:
#   Reduce memory load on the system
#   Increase physical memory or swap space
#   Check if swap backing store is full
#   Decrease Java heap size (-Xmx/-Xms)
#   Decrease number of Java threads
#   Decrease Java thread stack sizes (-Xss)
#   Set larger code cache with -XX:ReservedCodeCacheSize=
#   JVM is running with Unscaled Compressed Oops mode in which the Java heap is
#     placed in the first 4GB address space. The Java Heap base address is the
#     maximum limit for the native heap growth. Please use -XX:HeapBaseMinAddress
#     to set the Java Heap base and to place the Java Heap above 4GB virtual address.
# This output file may be truncated or incomplete.
#
#  Out of Memory Error (arena.cpp:168), pid=9508, tid=22760
#
# JRE version: OpenJDK Runtime Environment (21.0.10) (build 21.0.10+-14961533-b1163.108)
# Java VM: OpenJDK 64-Bit Server VM (21.0.10+-14961533-b1163.108, mixed mode, tiered, compressed oops, compressed class ptrs, g1 gc, windows-amd64)
# No core dump will be written. Minidumps are not enabled by default on client versions of Windows
#

---------------  S U M M A R Y ------------

Command Line: --add-opens=java.base/java.lang=ALL-UNNAMED --add-opens=java.base/java.lang.invoke=ALL-UNNAMED --add-opens=java.base/java.util=ALL-UNNAMED --add-opens=java.prefs/java.util.prefs=ALL-UNNAMED --add-exports=jdk.compiler/com.sun.tools.javac.api=ALL-UNNAMED --add-exports=jdk.compiler/com.sun.tools.javac.util=ALL-UNNAMED --add-opens=java.base/java.util=ALL-UNNAMED --add-opens=java.prefs/java.util.prefs=ALL-UNNAMED --add-opens=java.base/java.nio.charset=ALL-UNNAMED --add-opens=java.base/java.net=ALL-UNNAMED --add-opens=java.base/java.util.concurrent.atomic=ALL-UNNAMED --add-opens=java.xml/javax.xml.namespace=ALL-UNNAMED -Xmx2048m -Dfile.encoding=UTF-8 -Duser.country=US -Duser.language=en -Duser.variant -javaagent:C:\Users\UPCOMING\.gradle\wrapper\dists\gradle-8.13-bin\5xuhj0ry160q40clulazy9h7d\gradle-8.13\lib\agents\gradle-instrumentation-agent-8.13.jar org.gradle.launcher.daemon.bootstrap.GradleDaemon 8.13

Host: Intel(R) Core(TM) i5-8265U CPU @ 1.60GHz, 8 cores, 7G,  Windows 11 , 64 bit Build 26100 (10.0.26100.8875)
Time: Sun Jul 19 22:32:42 2026 W. Central Africa Standard Time elapsed time: 17.907364 seconds (0d 0h 0m 17s)

---------------  T H R E A D  ---------------

Current thread (0x000001df43b6b590):  JavaThread "C2 CompilerThread1" daemon [_thread_in_native, id=22760, stack(0x00000061cd800000,0x00000061cd900000) (1024K)]


Current CompileTask:
C2:17907 10636   !   4       org.codehaus.groovy.reflection.stdclasses.CachedSAMClass::hasUsableImplementation (72 bytes)

Stack: [0x00000061cd800000,0x00000061cd900000]
Native frames: (J=compiled Java code, j=interpreted, Vv=VM code, C=native code)
V  [jvm.dll+0x6d78a9]
V  [jvm.dll+0x8665b3]
V  [jvm.dll+0x868bde]
V  [jvm.dll+0x8692c3]
V  [jvm.dll+0x280ee6]
V  [jvm.dll+0xc07cd]
V  [jvm.dll+0xc0d03]
V  [jvm.dll+0x3ba0cb]
V  [jvm.dll+0x385df7]
V  [jvm.dll+0x38526a]
V  [jvm.dll+0x249bd2]
V  [jvm.dll+0x2491a1]
V  [jvm.dll+0x1c76e4]
V  [jvm.dll+0x25891e]
V  [jvm.dll+0x256e66]
V  [jvm.dll+0x3f513e]
V  [jvm.dll+0x80fd28]
V  [jvm.dll+0x6d60fd]
C  [ucrtbase.dll+0x2cd30]
C  [KERNEL32.DLL+0x2e957]
C  [ntdll.dll+0xaad6c]


---------------  P R O C E S S  ---------------

Threads class SMR info:
_java_thread_list=0x000001df455010c0, length=63, elements={
0x000001df266adc10, 0x000001df4209a490, 0x000001df420b9ee0, 0x000001df420bb4b0,
0x000001df420cd8f0, 0x000001df420ce350, 0x000001df420d7930, 0x000001df420d9c70,
0x000001df420dfd20, 0x000001df420e1500, 0x000001df420dbd40, 0x000001df420da300,
0x000001df420dc3d0, 0x000001df420d95e0, 0x000001df420db6b0, 0x000001df420d8f50,
0x000001df449b10a0, 0x000001df449ae2b0, 0x000001df449b1dc0, 0x000001df449ae940,
0x000001df449b1730, 0x000001df449b2450, 0x000001df449af660, 0x000001df449aefd0,
0x000001df449b3170, 0x000001df449afcf0, 0x000001df449b3800, 0x000001df449b0380,
0x000001df449b0a10, 0x000001df449b4520, 0x000001df449b4bb0, 0x000001df449b5240,
0x000001df449b58d0, 0x000001df420db020, 0x000001df478fac20, 0x000001df478f8b50,
0x000001df478fa590, 0x000001df478f9f00, 0x000001df478f7e30, 0x000001df478fb940,
0x000001df478f84c0, 0x000001df478fe730, 0x000001df478fd380, 0x000001df478fc660,
0x000001df478fbfd0, 0x000001df478fccf0, 0x000001df478fda10, 0x000001df478fe0a0,
0x000001df478fedc0, 0x000001df43934d40, 0x000001df43935a60, 0x000001df43936e10,
0x000001df439374a0, 0x000001df439381c0, 0x000001df43937b30, 0x000001df439360f0,
0x000001df43936780, 0x000001df43938850, 0x000001df439353d0, 0x000001df4393a290,
0x000001df4393bcd0, 0x000001df43b6b590, 0x000001df4393afb0
}

Java Threads: ( => current thread )
  0x000001df266adc10 JavaThread "main"                              [_thread_blocked, id=16776, stack(0x00000061cc600000,0x00000061cc700000) (1024K)]
  0x000001df4209a490 JavaThread "Common-Cleaner"             daemon [_thread_blocked, id=30280, stack(0x00000061cce00000,0x00000061ccf00000) (1024K)]
  0x000001df420b9ee0 JavaThread "Reference Handler"          daemon [_thread_blocked, id=21848, stack(0x00000061ccf00000,0x00000061cd000000) (1024K)]
  0x000001df420bb4b0 JavaThread "Finalizer"                  daemon [_thread_blocked, id=21160, stack(0x00000061cd000000,0x00000061cd100000) (1024K)]
  0x000001df420cd8f0 JavaThread "Signal Dispatcher"          daemon [_thread_blocked, id=16856, stack(0x00000061cd100000,0x00000061cd200000) (1024K)]
  0x000001df420ce350 JavaThread "Attach Listener"            daemon [_thread_blocked, id=4328, stack(0x00000061cd200000,0x00000061cd300000) (1024K)]
  0x000001df420d7930 JavaThread "Service Thread"             daemon [_thread_blocked, id=16760, stack(0x00000061cd300000,0x00000061cd400000) (1024K)]
  0x000001df420d9c70 JavaThread "Monitor Deflation Thread"   daemon [_thread_blocked, id=10460, stack(0x00000061cd400000,0x00000061cd500000) (1024K)]
  0x000001df420dfd20 JavaThread "C2 CompilerThread0"         daemon [_thread_in_native, id=6668, stack(0x00000061cd500000,0x00000061cd600000) (1024K)]
  0x000001df420e1500 JavaThread "C1 CompilerThread0"         daemon [_thread_blocked, id=18272, stack(0x00000061cd600000,0x00000061cd700000) (1024K)]
  0x000001df420dbd40 JavaThread "Notification Thread"        daemon [_thread_blocked, id=11812, stack(0x00000061cd700000,0x00000061cd800000) (1024K)]
  0x000001df420da300 JavaThread "Daemon health stats"               [_thread_blocked, id=19824, stack(0x00000061cdd00000,0x00000061cde00000) (1024K)]
  0x000001df420dc3d0 JavaThread "Incoming local TCP Connector on port 27364"        [_thread_in_native, id=31592, stack(0x00000061cde00000,0x00000061cdf00000) (1024K)]
  0x000001df420d95e0 JavaThread "Daemon periodic checks"            [_thread_blocked, id=11016, stack(0x00000061cdf00000,0x00000061ce000000) (1024K)]
  0x000001df420db6b0 JavaThread "Daemon"                            [_thread_blocked, id=14832, stack(0x00000061ce000000,0x00000061ce100000) (1024K)]
  0x000001df420d8f50 JavaThread "Handler for socket connection from /127.0.0.1:27364 to /127.0.0.1:27365"        [_thread_in_native, id=26664, stack(0x00000061ce100000,0x00000061ce200000) (1024K)]
  0x000001df449b10a0 JavaThread "Cancel handler"                    [_thread_blocked, id=13608, stack(0x00000061ce200000,0x00000061ce300000) (1024K)]
  0x000001df449ae2b0 JavaThread "Daemon worker"                     [_thread_blocked, id=29224, stack(0x00000061ce300000,0x00000061ce400000) (1024K)]
  0x000001df449b1dc0 JavaThread "Asynchronous log dispatcher for DefaultDaemonConnection: socket connection from /127.0.0.1:27364 to /127.0.0.1:27365"        [_thread_blocked, id=31104, stack(0x00000061ce400000,0x00000061ce500000) (1024K)]
  0x000001df449ae940 JavaThread "Stdin handler"                     [_thread_blocked, id=13640, stack(0x00000061ce500000,0x00000061ce600000) (1024K)]
  0x000001df449b1730 JavaThread "Daemon client event forwarder"        [_thread_blocked, id=7072, stack(0x00000061ce600000,0x00000061ce700000) (1024K)]
  0x000001df449b2450 JavaThread "Cache worker for journal cache (C:\Users\UPCOMING\.gradle\caches\journal-1)"        [_thread_blocked, id=548, stack(0x00000061ceb00000,0x00000061cec00000) (1024K)]
  0x000001df449af660 JavaThread "File lock request listener"        [_thread_in_native, id=28184, stack(0x00000061cec00000,0x00000061ced00000) (1024K)]
  0x000001df449aefd0 JavaThread "Cache worker for file hash cache (C:\Users\UPCOMING\.gradle\caches\8.13\fileHashes)"        [_thread_blocked, id=29136, stack(0x00000061ced00000,0x00000061cee00000) (1024K)]
  0x000001df449b3170 JavaThread "Cache worker for file hash cache (C:\Users\UPCOMING\newblackbox\.gradle\8.13\fileHashes)"        [_thread_blocked, id=12616, stack(0x00000061cee00000,0x00000061cef00000) (1024K)]
  0x000001df449afcf0 JavaThread "Cache worker for Build Output Cleanup Cache (C:\Users\UPCOMING\newblackbox\.gradle\buildOutputCleanup)"        [_thread_blocked, id=16064, stack(0x00000061cef00000,0x00000061cf000000) (1024K)]
  0x000001df449b3800 JavaThread "File watcher server"        daemon [_thread_in_native, id=8752, stack(0x00000061cf000000,0x00000061cf100000) (1024K)]
  0x000001df449b0380 JavaThread "File watcher consumer"      daemon [_thread_blocked, id=9676, stack(0x00000061cf100000,0x00000061cf200000) (1024K)]
  0x000001df449b0a10 JavaThread "jar transforms"                    [_thread_blocked, id=10024, stack(0x00000061cf200000,0x00000061cf300000) (1024K)]
  0x000001df449b4520 JavaThread "Cache worker for checksums cache (C:\Users\UPCOMING\newblackbox\.gradle\8.13\checksums)"        [_thread_blocked, id=12552, stack(0x00000061cf300000,0x00000061cf400000) (1024K)]
  0x000001df449b4bb0 JavaThread "Cache worker for file content cache (C:\Users\UPCOMING\.gradle\caches\8.13\fileContent)"        [_thread_blocked, id=11604, stack(0x00000061cf400000,0x00000061cf500000) (1024K)]
  0x000001df449b5240 JavaThread "Cache worker for cache directory md-supplier (C:\Users\UPCOMING\.gradle\caches\8.13\md-supplier)"        [_thread_blocked, id=27980, stack(0x00000061cf500000,0x00000061cf600000) (1024K)]
  0x000001df449b58d0 JavaThread "Cache worker for cache directory md-rule (C:\Users\UPCOMING\.gradle\caches\8.13\md-rule)"        [_thread_blocked, id=24772, stack(0x00000061cf600000,0x00000061cf700000) (1024K)]
  0x000001df420db020 JavaThread "Problems report writer"            [_thread_blocked, id=9220, stack(0x00000061cf700000,0x00000061cf800000) (1024K)]
  0x000001df478fac20 JavaThread "jar transforms Thread 2"           [_thread_blocked, id=22844, stack(0x00000061cf800000,0x00000061cf900000) (1024K)]
  0x000001df478f8b50 JavaThread "jar transforms Thread 3"           [_thread_blocked, id=25164, stack(0x00000061cf900000,0x00000061cfa00000) (1024K)]
  0x000001df478fa590 JavaThread "Unconstrained build operations"        [_thread_blocked, id=19048, stack(0x00000061cfa00000,0x00000061cfb00000) (1024K)]
  0x000001df478f9f00 JavaThread "Unconstrained build operations Thread 2"        [_thread_blocked, id=17940, stack(0x00000061cfb00000,0x00000061cfc00000) (1024K)]
  0x000001df478f7e30 JavaThread "Unconstrained build operations Thread 3"        [_thread_blocked, id=21996, stack(0x00000061cfc00000,0x00000061cfd00000) (1024K)]
  0x000001df478fb940 JavaThread "Unconstrained build operations Thread 4"        [_thread_blocked, id=15796, stack(0x00000061cfd00000,0x00000061cfe00000) (1024K)]
  0x000001df478f84c0 JavaThread "Unconstrained build operations Thread 5"        [_thread_blocked, id=1668, stack(0x00000061cfe00000,0x00000061cff00000) (1024K)]
  0x000001df478fe730 JavaThread "Unconstrained build operations Thread 6"        [_thread_blocked, id=23044, stack(0x00000061cff00000,0x00000061d0000000) (1024K)]
  0x000001df478fd380 JavaThread "Unconstrained build operations Thread 7"        [_thread_blocked, id=17072, stack(0x00000061d0000000,0x00000061d0100000) (1024K)]
  0x000001df478fc660 JavaThread "Unconstrained build operations Thread 8"        [_thread_blocked, id=17452, stack(0x00000061d0100000,0x00000061d0200000) (1024K)]
  0x000001df478fbfd0 JavaThread "Unconstrained build operations Thread 9"        [_thread_blocked, id=19940, stack(0x00000061d0200000,0x00000061d0300000) (1024K)]
  0x000001df478fccf0 JavaThread "Unconstrained build operations Thread 10"        [_thread_blocked, id=20760, stack(0x00000061d0300000,0x00000061d0400000) (1024K)]
  0x000001df478fda10 JavaThread "Unconstrained build operations Thread 11"        [_thread_blocked, id=13600, stack(0x00000061d0400000,0x00000061d0500000) (1024K)]
  0x000001df478fe0a0 JavaThread "Unconstrained build operations Thread 12"        [_thread_blocked, id=30132, stack(0x00000061d0500000,0x00000061d0600000) (1024K)]
  0x000001df478fedc0 JavaThread "Unconstrained build operations Thread 13"        [_thread_blocked, id=10360, stack(0x00000061d0600000,0x00000061d0700000) (1024K)]
  0x000001df43934d40 JavaThread "Unconstrained build operations Thread 14"        [_thread_blocked, id=1804, stack(0x00000061d0700000,0x00000061d0800000) (1024K)]
  0x000001df43935a60 JavaThread "Unconstrained build operations Thread 15"        [_thread_blocked, id=28424, stack(0x00000061d0800000,0x00000061d0900000) (1024K)]
  0x000001df43936e10 JavaThread "Unconstrained build operations Thread 16"        [_thread_blocked, id=31468, stack(0x00000061d0900000,0x00000061d0a00000) (1024K)]
  0x000001df439374a0 JavaThread "Unconstrained build operations Thread 17"        [_thread_blocked, id=3020, stack(0x00000061d0a00000,0x00000061d0b00000) (1024K)]
  0x000001df439381c0 JavaThread "Unconstrained build operations Thread 18"        [_thread_blocked, id=16400, stack(0x00000061d0b00000,0x00000061d0c00000) (1024K)]
  0x000001df43937b30 JavaThread "Unconstrained build operations Thread 19"        [_thread_blocked, id=23300, stack(0x00000061d0c00000,0x00000061d0d00000) (1024K)]
  0x000001df439360f0 JavaThread "Unconstrained build operations Thread 20"        [_thread_blocked, id=18684, stack(0x00000061d0d00000,0x00000061d0e00000) (1024K)]
  0x000001df43936780 JavaThread "Unconstrained build operations Thread 21"        [_thread_blocked, id=20516, stack(0x00000061d0e00000,0x00000061d0f00000) (1024K)]
  0x000001df43938850 JavaThread "jar transforms Thread 4"           [_thread_blocked, id=17172, stack(0x00000061d0f00000,0x00000061d1000000) (1024K)]
  0x000001df439353d0 JavaThread "jar transforms Thread 5"           [_thread_blocked, id=17236, stack(0x00000061d1000000,0x00000061d1100000) (1024K)]
  0x000001df4393a290 JavaThread "Memory manager"                    [_thread_blocked, id=20092, stack(0x00000061d1100000,0x00000061d1200000) (1024K)]
  0x000001df4393bcd0 JavaThread "build event listener"              [_thread_blocked, id=10596, stack(0x00000061d1200000,0x00000061d1300000) (1024K)]
=>0x000001df43b6b590 JavaThread "C2 CompilerThread1"         daemon [_thread_in_native, id=22760, stack(0x00000061cd800000,0x00000061cd900000) (1024K)]
  0x000001df4393afb0 JavaThread "jar transforms Thread 6"           [_thread_blocked, id=30804, stack(0x00000061d1300000,0x00000061d1400000) (1024K)]
Total: 63

Other Threads:
  0x000001df42008bd0 VMThread "VM Thread"                           [id=17520, stack(0x00000061ccd00000,0x00000061cce00000) (1024K)]
  0x000001df3dd47650 WatcherThread "VM Periodic Task Thread"        [id=26960, stack(0x00000061ccc00000,0x00000061ccd00000) (1024K)]
  0x000001df26707250 WorkerThread "GC Thread#0"                     [id=20736, stack(0x00000061cc700000,0x00000061cc800000) (1024K)]
  0x000001df42009330 WorkerThread "GC Thread#1"                     [id=13008, stack(0x00000061cd900000,0x00000061cda00000) (1024K)]
  0x000001df42008f80 WorkerThread "GC Thread#2"                     [id=27476, stack(0x00000061cda00000,0x00000061cdb00000) (1024K)]
  0x000001df420080c0 WorkerThread "GC Thread#3"                     [id=13112, stack(0x00000061cdb00000,0x00000061cdc00000) (1024K)]
  0x000001df42008470 WorkerThread "GC Thread#4"                     [id=21632, stack(0x00000061cdc00000,0x00000061cdd00000) (1024K)]
  0x000001df43b7ebd0 WorkerThread "GC Thread#5"                     [id=20580, stack(0x00000061ce700000,0x00000061ce800000) (1024K)]
  0x000001df43b7bf90 WorkerThread "GC Thread#6"                     [id=31644, stack(0x00000061ce800000,0x00000061ce900000) (1024K)]
  0x000001df43b7ce50 WorkerThread "GC Thread#7"                     [id=18820, stack(0x00000061ce900000,0x00000061cea00000) (1024K)]
  0x000001df26718150 ConcurrentGCThread "G1 Main Marker"            [id=27380, stack(0x00000061cc800000,0x00000061cc900000) (1024K)]
  0x000001df267199b0 WorkerThread "G1 Conc#0"                       [id=20772, stack(0x00000061cc900000,0x00000061cca00000) (1024K)]
  0x000001df43b7e470 WorkerThread "G1 Conc#1"                       [id=28032, stack(0x00000061cea00000,0x00000061ceb00000) (1024K)]
  0x000001df2676ea70 ConcurrentGCThread "G1 Refine#0"               [id=14180, stack(0x00000061cca00000,0x00000061ccb00000) (1024K)]
  0x000001df3dc1d540 ConcurrentGCThread "G1 Service"                [id=31340, stack(0x00000061ccb00000,0x00000061ccc00000) (1024K)]
Total: 15

Threads with active compile tasks:
C2 CompilerThread0  17954 10597       4       org.gradle.internal.instantiation.generator.AbstractClassGenerator::inspectType (602 bytes)
C2 CompilerThread1  17954 10636   !   4       org.codehaus.groovy.reflection.stdclasses.CachedSAMClass::hasUsableImplementation (72 bytes)
Total: 2

VM state: at safepoint (normal execution)

VM Mutex/Monitor currently owned by a thread:  ([mutex/lock_event])
[0x00007ff8ef5986d0] Threads_lock - owner thread: 0x000001df42008bd0
[0x00007ff8ef5987d0] Heap_lock - owner thread: 0x000001df449ae2b0

Heap address: 0x0000000080000000, size: 2048 MB, Compressed Oops mode: 32-bit

CDS archive(s) not mapped
Compressed class space mapped at: 0x0000000100000000-0x0000000140000000, reserved size: 1073741824
Narrow klass base: 0x0000000000000000, Narrow klass shift: 3, Narrow klass range: 0x140000000

GC Precious Log:
 CardTable entry size: 512
 Card Set container configuration: InlinePtr #cards 5 size 8 Array Of Cards #cards 12 size 40 Howl #buckets 4 coarsen threshold 1843 Howl Bitmap #cards 512 size 80 coarsen threshold 460 Card regions per heap region 1 cards per card region 2048
 CPUs: 8 total, 8 available
 Memory: 8006M
 Large Page Support: Disabled
 NUMA Support: Disabled
 Compressed Oops: Enabled (32-bit)
 Heap Region Size: 1M
 Heap Min Capacity: 8M
 Heap Initial Capacity: 126M
 Heap Max Capacity: 2G
 Pre-touch: Disabled
 Parallel Workers: 8
 Concurrent Workers: 2
 Concurrent Refinement Workers: 8
 Periodic GC: Disabled

Heap:
 garbage-first heap   total 165888K, used 138113K [0x0000000080000000, 0x0000000100000000)
  region size 1024K, 43 young (44032K), 5 survivors (5120K)
 Metaspace       used 92199K, committed 94080K, reserved 1179648K
  class space    used 12666K, committed 13568K, reserved 1048576K

Heap Regions: E=young(eden), S=young(survivor), O=old, HS=humongous(starts), HC=humongous(continues), CS=collection set, F=free, TAMS=top-at-mark-start, PB=parsable bottom
|   0|0x0000000080000000, 0x0000000080100000, 0x0000000080100000|100%|HS|  |TAMS 0x0000000080000000| PB 0x0000000080000000| Complete 
|   1|0x0000000080100000, 0x0000000080200000, 0x0000000080200000|100%|HC|  |TAMS 0x0000000080100000| PB 0x0000000080100000| Complete 
|   2|0x0000000080200000, 0x0000000080300000, 0x0000000080300000|100%|HC|  |TAMS 0x0000000080200000| PB 0x0000000080200000| Complete 
|   3|0x0000000080300000, 0x0000000080400000, 0x0000000080400000|100%| O|  |TAMS 0x0000000080300000| PB 0x0000000080300000| Untracked 
|   4|0x0000000080400000, 0x0000000080500000, 0x0000000080500000|100%| O|  |TAMS 0x0000000080400000| PB 0x0000000080400000| Untracked 
|   5|0x0000000080500000, 0x0000000080600000, 0x0000000080600000|100%| O|  |TAMS 0x0000000080500000| PB 0x0000000080500000| Untracked 
|   6|0x0000000080600000, 0x0000000080700000, 0x0000000080700000|100%|HS|  |TAMS 0x0000000080600000| PB 0x0000000080600000| Complete 
|   7|0x0000000080700000, 0x0000000080800000, 0x0000000080800000|100%| O|  |TAMS 0x0000000080700000| PB 0x0000000080700000| Untracked 
|   8|0x0000000080800000, 0x0000000080900000, 0x0000000080900000|100%| O|  |TAMS 0x0000000080800000| PB 0x0000000080800000| Untracked 
|   9|0x0000000080900000, 0x0000000080a00000, 0x0000000080a00000|100%| O|  |TAMS 0x0000000080900000| PB 0x0000000080900000| Untracked 
|  10|0x0000000080a00000, 0x0000000080b00000, 0x0000000080b00000|100%| O|  |TAMS 0x0000000080a00000| PB 0x0000000080a00000| Untracked 
|  11|0x0000000080b00000, 0x0000000080c00000, 0x0000000080c00000|100%| O|  |TAMS 0x0000000080b00000| PB 0x0000000080b00000| Untracked 
|  12|0x0000000080c00000, 0x0000000080d00000, 0x0000000080d00000|100%| O|  |TAMS 0x0000000080c00000| PB 0x0000000080c00000| Untracked 
|  13|0x0000000080d00000, 0x0000000080e00000, 0x0000000080e00000|100%| O|  |TAMS 0x0000000080d00000| PB 0x0000000080d00000| Untracked 
|  14|0x0000000080e00000, 0x0000000080f00000, 0x0000000080f00000|100%| O|  |TAMS 0x0000000080e00000| PB 0x0000000080e00000| Untracked 
|  15|0x0000000080f00000, 0x0000000081000000, 0x0000000081000000|100%| O|  |TAMS 0x0000000080f00000| PB 0x0000000080f00000| Untracked 
|  16|0x0000000081000000, 0x0000000081100000, 0x0000000081100000|100%| O|  |TAMS 0x0000000081000000| PB 0x0000000081000000| Untracked 
|  17|0x0000000081100000, 0x0000000081200000, 0x0000000081200000|100%| O|  |TAMS 0x0000000081100000| PB 0x0000000081100000| Untracked 
|  18|0x0000000081200000, 0x0000000081300000, 0x0000000081300000|100%| O|  |TAMS 0x0000000081200000| PB 0x0000000081200000| Untracked 
|  19|0x0000000081300000, 0x0000000081400000, 0x0000000081400000|100%| O|  |TAMS 0x0000000081300000| PB 0x0000000081300000| Untracked 
|  20|0x0000000081400000, 0x0000000081500000, 0x0000000081500000|100%| O|  |TAMS 0x0000000081400000| PB 0x0000000081400000| Untracked 
|  21|0x0000000081500000, 0x0000000081600000, 0x0000000081600000|100%| O|  |TAMS 0x0000000081500000| PB 0x0000000081500000| Untracked 
|  22|0x0000000081600000, 0x0000000081700000, 0x0000000081700000|100%| O|  |TAMS 0x0000000081600000| PB 0x0000000081600000| Untracked 
|  23|0x0000000081700000, 0x0000000081800000, 0x0000000081800000|100%| O|  |TAMS 0x0000000081700000| PB 0x0000000081700000| Untracked 
|  24|0x0000000081800000, 0x0000000081900000, 0x0000000081900000|100%| O|  |TAMS 0x0000000081800000| PB 0x0000000081800000| Untracked 
|  25|0x0000000081900000, 0x0000000081a00000, 0x0000000081a00000|100%| O|  |TAMS 0x0000000081900000| PB 0x0000000081900000| Untracked 
|  26|0x0000000081a00000, 0x0000000081b00000, 0x0000000081b00000|100%| O|  |TAMS 0x0000000081a00000| PB 0x0000000081a00000| Untracked 
|  27|0x0000000081b00000, 0x0000000081c00000, 0x0000000081c00000|100%| O|  |TAMS 0x0000000081b00000| PB 0x0000000081b00000| Untracked 
|  28|0x0000000081c00000, 0x0000000081d00000, 0x0000000081d00000|100%| O|  |TAMS 0x0000000081c00000| PB 0x0000000081c00000| Untracked 
|  29|0x0000000081d00000, 0x0000000081e00000, 0x0000000081e00000|100%| O|  |TAMS 0x0000000081d00000| PB 0x0000000081d00000| Untracked 
|  30|0x0000000081e00000, 0x0000000081f00000, 0x0000000081f00000|100%| O|Cm|TAMS 0x0000000081e00000| PB 0x0000000081e00000| Complete 
|  31|0x0000000081f00000, 0x0000000082000000, 0x0000000082000000|100%| O|  |TAMS 0x0000000081f00000| PB 0x0000000081f00000| Untracked 
|  32|0x0000000082000000, 0x0000000082100000, 0x0000000082100000|100%| O|  |TAMS 0x0000000082000000| PB 0x0000000082000000| Untracked 
|  33|0x0000000082100000, 0x0000000082200000, 0x0000000082200000|100%| O|  |TAMS 0x0000000082100000| PB 0x0000000082100000| Untracked 
|  34|0x0000000082200000, 0x0000000082300000, 0x0000000082300000|100%| O|  |TAMS 0x0000000082200000| PB 0x0000000082200000| Untracked 
|  35|0x0000000082300000, 0x0000000082400000, 0x0000000082400000|100%| O|  |TAMS 0x0000000082300000| PB 0x0000000082300000| Untracked 
|  36|0x0000000082400000, 0x0000000082500000, 0x0000000082500000|100%| O|  |TAMS 0x0000000082400000| PB 0x0000000082400000| Untracked 
|  37|0x0000000082500000, 0x0000000082600000, 0x0000000082600000|100%| O|  |TAMS 0x0000000082500000| PB 0x0000000082500000| Untracked 
|  38|0x0000000082600000, 0x0000000082700000, 0x0000000082700000|100%| O|  |TAMS 0x0000000082600000| PB 0x0000000082600000| Untracked 
|  39|0x0000000082700000, 0x0000000082800000, 0x0000000082800000|100%| O|  |TAMS 0x0000000082700000| PB 0x0000000082700000| Untracked 
|  40|0x0000000082800000, 0x0000000082900000, 0x0000000082900000|100%| O|  |TAMS 0x0000000082800000| PB 0x0000000082800000| Untracked 
|  41|0x0000000082900000, 0x0000000082a00000, 0x0000000082a00000|100%| O|  |TAMS 0x0000000082900000| PB 0x0000000082900000| Untracked 
|  42|0x0000000082a00000, 0x0000000082b00000, 0x0000000082b00000|100%| O|  |TAMS 0x0000000082a00000| PB 0x0000000082a00000| Untracked 
|  43|0x0000000082b00000, 0x0000000082c00000, 0x0000000082c00000|100%| O|  |TAMS 0x0000000082b00000| PB 0x0000000082b00000| Untracked 
|  44|0x0000000082c00000, 0x0000000082d00000, 0x0000000082d00000|100%| O|  |TAMS 0x0000000082c00000| PB 0x0000000082c00000| Untracked 
|  45|0x0000000082d00000, 0x0000000082e00000, 0x0000000082e00000|100%| O|  |TAMS 0x0000000082d00000| PB 0x0000000082d00000| Untracked 
|  46|0x0000000082e00000, 0x0000000082f00000, 0x0000000082f00000|100%| O|  |TAMS 0x0000000082e00000| PB 0x0000000082e00000| Untracked 
|  47|0x0000000082f00000, 0x0000000083000000, 0x0000000083000000|100%| O|  |TAMS 0x0000000082f00000| PB 0x0000000082f00000| Untracked 
|  48|0x0000000083000000, 0x0000000083100000, 0x0000000083100000|100%| O|  |TAMS 0x0000000083000000| PB 0x0000000083000000| Untracked 
|  49|0x0000000083100000, 0x0000000083200000, 0x0000000083200000|100%| O|  |TAMS 0x0000000083100000| PB 0x0000000083100000| Untracked 
|  50|0x0000000083200000, 0x0000000083300000, 0x0000000083300000|100%| O|Cm|TAMS 0x0000000083200000| PB 0x0000000083200000| Complete 
|  51|0x0000000083300000, 0x0000000083400000, 0x0000000083400000|100%| O|  |TAMS 0x0000000083300000| PB 0x0000000083300000| Untracked 
|  52|0x0000000083400000, 0x0000000083500000, 0x0000000083500000|100%|HS|  |TAMS 0x0000000083400000| PB 0x0000000083400000| Complete 
|  53|0x0000000083500000, 0x0000000083600000, 0x0000000083600000|100%|HS|  |TAMS 0x0000000083500000| PB 0x0000000083500000| Complete 
|  54|0x0000000083600000, 0x0000000083700000, 0x0000000083700000|100%|HC|  |TAMS 0x0000000083600000| PB 0x0000000083600000| Complete 
|  55|0x0000000083700000, 0x0000000083800000, 0x0000000083800000|100%|HS|  |TAMS 0x0000000083700000| PB 0x0000000083700000| Complete 
|  56|0x0000000083800000, 0x0000000083900000, 0x0000000083900000|100%|HC|  |TAMS 0x0000000083800000| PB 0x0000000083800000| Complete 
|  57|0x0000000083900000, 0x0000000083a00000, 0x0000000083a00000|100%|HS|  |TAMS 0x0000000083900000| PB 0x0000000083900000| Complete 
|  58|0x0000000083a00000, 0x0000000083b00000, 0x0000000083b00000|100%|HS|  |TAMS 0x0000000083a00000| PB 0x0000000083a00000| Complete 
|  59|0x0000000083b00000, 0x0000000083c00000, 0x0000000083c00000|100%|HS|  |TAMS 0x0000000083b00000| PB 0x0000000083b00000| Complete 
|  60|0x0000000083c00000, 0x0000000083d00000, 0x0000000083d00000|100%|HC|  |TAMS 0x0000000083c00000| PB 0x0000000083c00000| Complete 
|  61|0x0000000083d00000, 0x0000000083e00000, 0x0000000083e00000|100%|HC|  |TAMS 0x0000000083d00000| PB 0x0000000083d00000| Complete 
|  62|0x0000000083e00000, 0x0000000083f00000, 0x0000000083f00000|100%|HC|  |TAMS 0x0000000083e00000| PB 0x0000000083e00000| Complete 
|  63|0x0000000083f00000, 0x0000000084000000, 0x0000000084000000|100%|HS|  |TAMS 0x0000000083f00000| PB 0x0000000083f00000| Complete 
|  64|0x0000000084000000, 0x0000000084100000, 0x0000000084100000|100%| O|  |TAMS 0x0000000084000000| PB 0x0000000084000000| Untracked 
|  65|0x0000000084100000, 0x0000000084200000, 0x0000000084200000|100%|HS|  |TAMS 0x0000000084100000| PB 0x0000000084100000| Complete 
|  66|0x0000000084200000, 0x0000000084300000, 0x0000000084300000|100%|HS|  |TAMS 0x0000000084200000| PB 0x0000000084200000| Complete 
|  67|0x0000000084300000, 0x0000000084400000, 0x0000000084400000|100%| O|  |TAMS 0x0000000084300000| PB 0x0000000084300000| Untracked 
|  68|0x0000000084400000, 0x0000000084500000, 0x0000000084500000|100%| O|  |TAMS 0x0000000084400000| PB 0x0000000084400000| Untracked 
|  69|0x0000000084500000, 0x0000000084600000, 0x0000000084600000|100%| O|  |TAMS 0x0000000084500000| PB 0x0000000084500000| Untracked 
|  70|0x0000000084600000, 0x0000000084700000, 0x0000000084700000|100%| O|  |TAMS 0x0000000084600000| PB 0x0000000084600000| Untracked 
|  71|0x0000000084700000, 0x0000000084800000, 0x0000000084800000|100%| O|  |TAMS 0x0000000084700000| PB 0x0000000084700000| Untracked 
|  72|0x0000000084800000, 0x0000000084900000, 0x0000000084900000|100%| O|  |TAMS 0x0000000084800000| PB 0x0000000084800000| Untracked 
|  73|0x0000000084900000, 0x0000000084a00000, 0x0000000084a00000|100%| O|  |TAMS 0x0000000084900000| PB 0x0000000084900000| Untracked 
|  74|0x0000000084a00000, 0x0000000084b00000, 0x0000000084b00000|100%| O|  |TAMS 0x0000000084a00000| PB 0x0000000084a00000| Untracked 
|  75|0x0000000084b00000, 0x0000000084c00000, 0x0000000084c00000|100%|HS|  |TAMS 0x0000000084b00000| PB 0x0000000084b00000| Complete 
|  76|0x0000000084c00000, 0x0000000084d00000, 0x0000000084d00000|100%| O|  |TAMS 0x0000000084c00000| PB 0x0000000084c00000| Untracked 
|  77|0x0000000084d00000, 0x0000000084e00000, 0x0000000084e00000|100%| O|  |TAMS 0x0000000084d00000| PB 0x0000000084d00000| Untracked 
|  78|0x0000000084e00000, 0x0000000084f00000, 0x0000000084f00000|100%| O|  |TAMS 0x0000000084e00000| PB 0x0000000084e00000| Untracked 
|  79|0x0000000084f00000, 0x0000000085000000, 0x0000000085000000|100%| O|  |TAMS 0x0000000084f00000| PB 0x0000000084f00000| Untracked 
|  80|0x0000000085000000, 0x0000000085100000, 0x0000000085100000|100%| O|  |TAMS 0x0000000085000000| PB 0x0000000085000000| Untracked 
|  81|0x0000000085100000, 0x0000000085200000, 0x0000000085200000|100%|HS|  |TAMS 0x0000000085100000| PB 0x0000000085100000| Complete 
|  82|0x0000000085200000, 0x0000000085300000, 0x0000000085300000|100%|HC|  |TAMS 0x0000000085200000| PB 0x0000000085200000| Complete 
|  83|0x0000000085300000, 0x0000000085400000, 0x0000000085400000|100%|HC|  |TAMS 0x0000000085300000| PB 0x0000000085300000| Complete 
|  84|0x0000000085400000, 0x0000000085500000, 0x0000000085500000|100%|HC|  |TAMS 0x0000000085400000| PB 0x0000000085400000| Complete 
|  85|0x0000000085500000, 0x0000000085600000, 0x0000000085600000|100%| O|  |TAMS 0x0000000085500000| PB 0x0000000085500000| Untracked 
|  86|0x0000000085600000, 0x0000000085700000, 0x0000000085700000|100%| O|  |TAMS 0x0000000085600000| PB 0x0000000085600000| Untracked 
|  87|0x0000000085700000, 0x0000000085800000, 0x0000000085800000|100%| O|  |TAMS 0x0000000085700000| PB 0x0000000085700000| Untracked 
|  88|0x0000000085800000, 0x0000000085900000, 0x0000000085900000|100%| O|  |TAMS 0x0000000085800000| PB 0x0000000085800000| Untracked 
|  89|0x0000000085900000, 0x0000000085a00000, 0x0000000085a00000|100%| O|  |TAMS 0x0000000085900000| PB 0x0000000085900000| Untracked 
|  90|0x0000000085a00000, 0x0000000085b00000, 0x0000000085b00000|100%| O|  |TAMS 0x0000000085a00000| PB 0x0000000085a00000| Untracked 
|  91|0x0000000085b00000, 0x0000000085c00000, 0x0000000085c00000|100%| O|  |TAMS 0x0000000085b00000| PB 0x0000000085b00000| Untracked 
|  92|0x0000000085c00000, 0x0000000085d00000, 0x0000000085d00000|100%| O|  |TAMS 0x0000000085c00000| PB 0x0000000085c00000| Untracked 
|  93|0x0000000085d00000, 0x0000000085defc40, 0x0000000085e00000| 93%| O|  |TAMS 0x0000000085d00000| PB 0x0000000085d00000| Untracked 
|  94|0x0000000085e00000, 0x0000000085e00000, 0x0000000085f00000|  0%| F|  |TAMS 0x0000000085e00000| PB 0x0000000085e00000| Untracked 
|  95|0x0000000085f00000, 0x0000000085f00000, 0x0000000086000000|  0%| F|  |TAMS 0x0000000085f00000| PB 0x0000000085f00000| Untracked 
|  96|0x0000000086000000, 0x0000000086000000, 0x0000000086100000|  0%| F|  |TAMS 0x0000000086000000| PB 0x0000000086000000| Untracked 
|  97|0x0000000086100000, 0x0000000086100000, 0x0000000086200000|  0%| F|  |TAMS 0x0000000086100000| PB 0x0000000086100000| Untracked 
|  98|0x0000000086200000, 0x0000000086200000, 0x0000000086300000|  0%| F|  |TAMS 0x0000000086200000| PB 0x0000000086200000| Untracked 
|  99|0x0000000086300000, 0x0000000086300000, 0x0000000086400000|  0%| F|  |TAMS 0x0000000086300000| PB 0x0000000086300000| Untracked 
| 100|0x0000000086400000, 0x0000000086400000, 0x0000000086500000|  0%| F|  |TAMS 0x0000000086400000| PB 0x0000000086400000| Untracked 
| 101|0x0000000086500000, 0x0000000086500000, 0x0000000086600000|  0%| F|  |TAMS 0x0000000086500000| PB 0x0000000086500000| Untracked 
| 102|0x0000000086600000, 0x0000000086600000, 0x0000000086700000|  0%| F|  |TAMS 0x0000000086600000| PB 0x0000000086600000| Untracked 
| 103|0x0000000086700000, 0x0000000086700000, 0x0000000086800000|  0%| F|  |TAMS 0x0000000086700000| PB 0x0000000086700000| Untracked 
| 104|0x0000000086800000, 0x0000000086800000, 0x0000000086900000|  0%| F|  |TAMS 0x0000000086800000| PB 0x0000000086800000| Untracked 
| 105|0x0000000086900000, 0x0000000086900000, 0x0000000086a00000|  0%| F|  |TAMS 0x0000000086900000| PB 0x0000000086900000| Untracked 
| 106|0x0000000086a00000, 0x0000000086a00000, 0x0000000086b00000|  0%| F|  |TAMS 0x0000000086a00000| PB 0x0000000086a00000| Untracked 
| 107|0x0000000086b00000, 0x0000000086b00000, 0x0000000086c00000|  0%| F|  |TAMS 0x0000000086b00000| PB 0x0000000086b00000| Untracked 
| 108|0x0000000086c00000, 0x0000000086c00000, 0x0000000086d00000|  0%| F|  |TAMS 0x0000000086c00000| PB 0x0000000086c00000| Untracked 
| 109|0x0000000086d00000, 0x0000000086d00000, 0x0000000086e00000|  0%| F|  |TAMS 0x0000000086d00000| PB 0x0000000086d00000| Untracked 
| 110|0x0000000086e00000, 0x0000000086e00000, 0x0000000086f00000|  0%| F|  |TAMS 0x0000000086e00000| PB 0x0000000086e00000| Untracked 
| 111|0x0000000086f00000, 0x0000000086f00000, 0x0000000087000000|  0%| F|  |TAMS 0x0000000086f00000| PB 0x0000000086f00000| Untracked 
| 112|0x0000000087000000, 0x0000000087000000, 0x0000000087100000|  0%| F|  |TAMS 0x0000000087000000| PB 0x0000000087000000| Untracked 
| 113|0x0000000087100000, 0x0000000087100000, 0x0000000087200000|  0%| F|  |TAMS 0x0000000087100000| PB 0x0000000087100000| Untracked 
| 114|0x0000000087200000, 0x0000000087200000, 0x0000000087300000|  0%| F|  |TAMS 0x0000000087200000| PB 0x0000000087200000| Untracked 
| 115|0x0000000087300000, 0x0000000087300000, 0x0000000087400000|  0%| F|  |TAMS 0x0000000087300000| PB 0x0000000087300000| Untracked 
| 116|0x0000000087400000, 0x00000000874228b0, 0x0000000087500000| 13%| S|CS|TAMS 0x0000000087400000| PB 0x0000000087400000| Complete 
| 117|0x0000000087500000, 0x0000000087600000, 0x0000000087600000|100%| S|CS|TAMS 0x0000000087500000| PB 0x0000000087500000| Complete 
| 118|0x0000000087600000, 0x0000000087700000, 0x0000000087700000|100%| S|CS|TAMS 0x0000000087600000| PB 0x0000000087600000| Complete 
| 119|0x0000000087700000, 0x0000000087800000, 0x0000000087800000|100%| S|CS|TAMS 0x0000000087700000| PB 0x0000000087700000| Complete 
| 120|0x0000000087800000, 0x0000000087900000, 0x0000000087900000|100%| S|CS|TAMS 0x0000000087800000| PB 0x0000000087800000| Complete 
| 121|0x0000000087900000, 0x0000000087900000, 0x0000000087a00000|  0%| F|  |TAMS 0x0000000087900000| PB 0x0000000087900000| Untracked 
| 122|0x0000000087a00000, 0x0000000087a00000, 0x0000000087b00000|  0%| F|  |TAMS 0x0000000087a00000| PB 0x0000000087a00000| Untracked 
| 123|0x0000000087b00000, 0x0000000087b00000, 0x0000000087c00000|  0%| F|  |TAMS 0x0000000087b00000| PB 0x0000000087b00000| Untracked 
| 124|0x0000000087c00000, 0x0000000087c00000, 0x0000000087d00000|  0%| F|  |TAMS 0x0000000087c00000| PB 0x0000000087c00000| Untracked 
| 125|0x0000000087d00000, 0x0000000087d00000, 0x0000000087e00000|  0%| F|  |TAMS 0x0000000087d00000| PB 0x0000000087d00000| Untracked 
| 126|0x0000000087e00000, 0x0000000087e00000, 0x0000000087f00000|  0%| F|  |TAMS 0x0000000087e00000| PB 0x0000000087e00000| Untracked 
| 127|0x0000000087f00000, 0x0000000087f00000, 0x0000000088000000|  0%| F|  |TAMS 0x0000000087f00000| PB 0x0000000087f00000| Untracked 
| 128|0x0000000088000000, 0x0000000088000000, 0x0000000088100000|  0%| F|  |TAMS 0x0000000088000000| PB 0x0000000088000000| Untracked 
| 129|0x0000000088100000, 0x0000000088100000, 0x0000000088200000|  0%| F|  |TAMS 0x0000000088100000| PB 0x0000000088100000| Untracked 
| 130|0x0000000088200000, 0x0000000088200000, 0x0000000088300000|  0%| F|  |TAMS 0x0000000088200000| PB 0x0000000088200000| Untracked 
| 131|0x0000000088300000, 0x0000000088300000, 0x0000000088400000|  0%| F|  |TAMS 0x0000000088300000| PB 0x0000000088300000| Untracked 
| 132|0x0000000088400000, 0x0000000088400000, 0x0000000088500000|  0%| F|  |TAMS 0x0000000088400000| PB 0x0000000088400000| Untracked 
| 133|0x0000000088500000, 0x0000000088500000, 0x0000000088600000|  0%| F|  |TAMS 0x0000000088500000| PB 0x0000000088500000| Untracked 
| 134|0x0000000088600000, 0x0000000088600000, 0x0000000088700000|  0%| F|  |TAMS 0x0000000088600000| PB 0x0000000088600000| Untracked 
| 135|0x0000000088700000, 0x0000000088700000, 0x0000000088800000|  0%| F|  |TAMS 0x0000000088700000| PB 0x0000000088700000| Untracked 
| 136|0x0000000088800000, 0x0000000088800000, 0x0000000088900000|  0%| F|  |TAMS 0x0000000088800000| PB 0x0000000088800000| Untracked 
| 137|0x0000000088900000, 0x0000000088900000, 0x0000000088a00000|  0%| F|  |TAMS 0x0000000088900000| PB 0x0000000088900000| Untracked 
| 138|0x0000000088a00000, 0x0000000088a00000, 0x0000000088b00000|  0%| F|  |TAMS 0x0000000088a00000| PB 0x0000000088a00000| Untracked 
| 139|0x0000000088b00000, 0x0000000088b00000, 0x0000000088c00000|  0%| F|  |TAMS 0x0000000088b00000| PB 0x0000000088b00000| Untracked 
| 140|0x0000000088c00000, 0x0000000088c00000, 0x0000000088d00000|  0%| F|  |TAMS 0x0000000088c00000| PB 0x0000000088c00000| Untracked 
| 141|0x0000000088d00000, 0x0000000088d00000, 0x0000000088e00000|  0%| F|  |TAMS 0x0000000088d00000| PB 0x0000000088d00000| Untracked 
| 142|0x0000000088e00000, 0x0000000088e00000, 0x0000000088f00000|  0%| F|  |TAMS 0x0000000088e00000| PB 0x0000000088e00000| Untracked 
| 143|0x0000000088f00000, 0x0000000088f00000, 0x0000000089000000|  0%| F|  |TAMS 0x0000000088f00000| PB 0x0000000088f00000| Untracked 
| 144|0x0000000089000000, 0x0000000089000000, 0x0000000089100000|  0%| F|  |TAMS 0x0000000089000000| PB 0x0000000089000000| Untracked 
| 145|0x0000000089100000, 0x0000000089100000, 0x0000000089200000|  0%| F|  |TAMS 0x0000000089100000| PB 0x0000000089100000| Untracked 
| 146|0x0000000089200000, 0x0000000089200000, 0x0000000089300000|  0%| F|  |TAMS 0x0000000089200000| PB 0x0000000089200000| Untracked 
| 147|0x0000000089300000, 0x0000000089300000, 0x0000000089400000|  0%| F|  |TAMS 0x0000000089300000| PB 0x0000000089300000| Untracked 
| 148|0x0000000089400000, 0x0000000089400000, 0x0000000089500000|  0%| F|  |TAMS 0x0000000089400000| PB 0x0000000089400000| Untracked 
| 149|0x0000000089500000, 0x0000000089500000, 0x0000000089600000|  0%| F|  |TAMS 0x0000000089500000| PB 0x0000000089500000| Untracked 
| 150|0x0000000089600000, 0x0000000089600000, 0x0000000089700000|  0%| F|  |TAMS 0x0000000089600000| PB 0x0000000089600000| Untracked 
| 151|0x0000000089700000, 0x0000000089700000, 0x0000000089800000|  0%| F|  |TAMS 0x0000000089700000| PB 0x0000000089700000| Untracked 
| 152|0x0000000089800000, 0x0000000089800000, 0x0000000089900000|  0%| F|  |TAMS 0x0000000089800000| PB 0x0000000089800000| Untracked 
| 153|0x0000000089900000, 0x0000000089900000, 0x0000000089a00000|  0%| F|  |TAMS 0x0000000089900000| PB 0x0000000089900000| Untracked 
| 154|0x0000000089a00000, 0x0000000089a00000, 0x0000000089b00000|  0%| F|  |TAMS 0x0000000089a00000| PB 0x0000000089a00000| Untracked 
| 155|0x0000000089b00000, 0x0000000089b00000, 0x0000000089c00000|  0%| F|  |TAMS 0x0000000089b00000| PB 0x0000000089b00000| Untracked 
| 156|0x0000000089c00000, 0x0000000089c00000, 0x0000000089d00000|  0%| F|  |TAMS 0x0000000089c00000| PB 0x0000000089c00000| Untracked 
|2043|0x00000000ffb00000, 0x00000000ffc00000, 0x00000000ffc00000|100%| O|  |TAMS 0x00000000ffb00000| PB 0x00000000ffb00000| Untracked 
|2044|0x00000000ffc00000, 0x00000000ffc00000, 0x00000000ffd00000|  0%| F|  |TAMS 0x00000000ffc00000| PB 0x00000000ffc00000| Untracked 
|2045|0x00000000ffd00000, 0x00000000ffe00000, 0x00000000ffe00000|100%| O|  |TAMS 0x00000000ffd00000| PB 0x00000000ffd00000| Untracked 
|2046|0x00000000ffe00000, 0x00000000fff00000, 0x00000000fff00000|100%| O|  |TAMS 0x00000000ffe00000| PB 0x00000000ffe00000| Untracked 
|2047|0x00000000fff00000, 0x0000000100000000, 0x0000000100000000|100%| E|  |TAMS 0x00000000fff00000| PB 0x00000000fff00000| Complete 

Card table byte_map: [0x000001df38f50000,0x000001df39350000] _byte_map_base: 0x000001df38b50000

Marking Bits: (CMBitMap*) 0x000001df26707870
 Bits: [0x000001df39350000, 0x000001df3b350000)

Polling page: 0x000001df244b0000

Metaspace:

Usage:
  Non-class:     77.67 MB used.
      Class:     12.37 MB used.
       Both:     90.04 MB used.

Virtual space:
  Non-class space:      128.00 MB reserved,      78.62 MB ( 61%) committed,  2 nodes.
      Class space:        1.00 GB reserved,      13.25 MB (  1%) committed,  1 nodes.
             Both:        1.12 GB reserved,      91.88 MB (  8%) committed. 

Chunk freelists:
   Non-Class:  1.43 MB
       Class:  2.76 MB
        Both:  4.19 MB

MaxMetaspaceSize: unlimited
CompressedClassSpaceSize: 1.00 GB
Initial GC threshold: 21.00 MB
Current GC threshold: 152.31 MB
CDS: off
 - commit_granule_bytes: 65536.
 - commit_granule_words: 8192.
 - virtual_space_node_default_size: 8388608.
 - enlarge_chunks_in_place: 1.
 - use_allocation_guard: 0.


Internal statistics:

num_allocs_failed_limit: 9.
num_arena_births: 3590.
num_arena_deaths: 0.
num_vsnodes_births: 3.
num_vsnodes_deaths: 0.
num_space_committed: 1470.
num_space_uncommitted: 0.
num_chunks_returned_to_freelist: 9.
num_chunks_taken_from_freelist: 7464.
num_chunk_merges: 9.
num_chunk_splits: 4801.
num_chunks_enlarged: 2924.
num_inconsistent_stats: 0.

CodeHeap 'non-profiled nmethods': size=120000Kb used=5335Kb max_used=5478Kb free=114664Kb
 bounds [0x000001df312e0000, 0x000001df31840000, 0x000001df38810000]
CodeHeap 'profiled nmethods': size=120000Kb used=17211Kb max_used=17211Kb free=102788Kb
 bounds [0x000001df29810000, 0x000001df2a8e0000, 0x000001df30d40000]
CodeHeap 'non-nmethods': size=5760Kb used=2641Kb max_used=2698Kb free=3118Kb
 bounds [0x000001df30d40000, 0x000001df31000000, 0x000001df312e0000]
CodeCache: size=245760Kb, used=25187Kb, max_used=25387Kb, free=220570Kb
 total_blobs=10066, nmethods=9136, adapters=833, full_count=0
Compilation: enabled, stopped_count=0, restarted_count=0

Compilation events (20 events):
Event: 16.826 Thread 0x000001df420e1500 10816       1       groovyjarjarasm.asm.SymbolTable::getMajorVersion (5 bytes)
Event: 16.826 Thread 0x000001df420e1500 nmethod 10816 0x000001df31326310 code [0x000001df313264a0, 0x000001df31326568]
Event: 16.834 Thread 0x000001df420e1500 10819       1       groovy.lang.Closure::getOwner (5 bytes)
Event: 16.834 Thread 0x000001df420e1500 nmethod 10819 0x000001df31325e90 code [0x000001df31326020, 0x000001df313260e8]
Event: 16.839 Thread 0x000001df420e1500 10820       1       org.codehaus.groovy.runtime.metaclass.NewStaticMetaMethod::isStatic (2 bytes)
Event: 16.840 Thread 0x000001df420e1500 nmethod 10820 0x000001df31601d90 code [0x000001df31601f20, 0x000001df31601fe8]
Event: 16.841 Thread 0x000001df420e1500 10821       3       java.util.ComparableTimSort::gallopRight (327 bytes)
Event: 16.844 Thread 0x000001df420e1500 nmethod 10821 0x000001df2a8d6710 code [0x000001df2a8d6940, 0x000001df2a8d73b0]
Event: 16.868 Thread 0x000001df420e1500 10822       3       java.lang.reflect.Field::getOverrideFieldAccessor (18 bytes)
Event: 16.869 Thread 0x000001df420e1500 nmethod 10822 0x000001df29db5390 code [0x000001df29db5540, 0x000001df29db56c8]
Event: 16.879 Thread 0x000001df420e1500 10823       3       java.util.ComparableTimSort::gallopLeft (327 bytes)
Event: 16.880 Thread 0x000001df420e1500 nmethod 10823 0x000001df2a8d7710 code [0x000001df2a8d7940, 0x000001df2a8d8388]
Event: 16.889 Thread 0x000001df420e1500 10824       3       com.google.common.base.Throwables::propagateIfPossible (10 bytes)
Event: 16.890 Thread 0x000001df420e1500 nmethod 10824 0x000001df2a8d8710 code [0x000001df2a8d8980, 0x000001df2a8d9578]
Event: 16.890 Thread 0x000001df420e1500 10825       3       com.google.common.base.Throwables::propagateIfInstanceOf (10 bytes)
Event: 16.890 Thread 0x000001df420e1500 nmethod 10825 0x000001df2a0d8d10 code [0x000001df2a0d8f20, 0x000001df2a0d9478]
Event: 16.927 Thread 0x000001df420e1500 10826       3       sun.management.spi.PlatformMBeanProvider$PlatformComponent::getMBeans (87 bytes)
Event: 16.929 Thread 0x000001df420e1500 nmethod 10826 0x000001df2a8d9910 code [0x000001df2a8d9ca0, 0x000001df2a8db290]
Event: 16.929 Thread 0x000001df420e1500 10827       3       java.lang.management.ManagementFactory$$Lambda/0x0000000100170e48::apply (12 bytes)
Event: 16.929 Thread 0x000001df420e1500 nmethod 10827 0x000001df29b9b810 code [0x000001df29b9b9e0, 0x000001df29b9bdd0]

GC Heap History (20 events):
Event: 9.727 GC heap before
{Heap before GC invocations=22 (full 0):
 garbage-first heap   total 109568K, used 62173K [0x0000000080000000, 0x0000000100000000)
  region size 1024K, 13 young (13312K), 5 survivors (5120K)
 Metaspace       used 66866K, committed 68480K, reserved 1114112K
  class space    used 9251K, committed 10048K, reserved 1048576K
}
Event: 9.730 GC heap after
{Heap after GC invocations=23 (full 0):
 garbage-first heap   total 109568K, used 55890K [0x0000000080000000, 0x0000000100000000)
  region size 1024K, 1 young (1024K), 1 survivors (1024K)
 Metaspace       used 66866K, committed 68480K, reserved 1114112K
  class space    used 9251K, committed 10048K, reserved 1048576K
}
Event: 10.401 GC heap before
{Heap before GC invocations=24 (full 0):
 garbage-first heap   total 109568K, used 108114K [0x0000000080000000, 0x0000000100000000)
  region size 1024K, 38 young (38912K), 1 survivors (1024K)
 Metaspace       used 68950K, committed 70592K, reserved 1114112K
  class space    used 9499K, committed 10304K, reserved 1048576K
}
Event: 10.405 GC heap after
{Heap after GC invocations=25 (full 0):
 garbage-first heap   total 118784K, used 77996K [0x0000000080000000, 0x0000000100000000)
  region size 1024K, 6 young (6144K), 6 survivors (6144K)
 Metaspace       used 68950K, committed 70592K, reserved 1114112K
  class space    used 9499K, committed 10304K, reserved 1048576K
}
Event: 10.786 GC heap before
{Heap before GC invocations=25 (full 0):
 garbage-first heap   total 118784K, used 106668K [0x0000000080000000, 0x0000000100000000)
  region size 1024K, 35 young (35840K), 6 survivors (6144K)
 Metaspace       used 71997K, committed 73600K, reserved 1114112K
  class space    used 9855K, committed 10624K, reserved 1048576K
}
Event: 10.789 GC heap after
{Heap after GC invocations=26 (full 0):
 garbage-first heap   total 118784K, used 78546K [0x0000000080000000, 0x0000000100000000)
  region size 1024K, 2 young (2048K), 2 survivors (2048K)
 Metaspace       used 71997K, committed 73600K, reserved 1114112K
  class space    used 9855K, committed 10624K, reserved 1048576K
}
Event: 11.238 GC heap before
{Heap before GC invocations=26 (full 0):
 garbage-first heap   total 118784K, used 108242K [0x0000000080000000, 0x0000000100000000)
  region size 1024K, 31 young (31744K), 2 survivors (2048K)
 Metaspace       used 75146K, committed 76928K, reserved 1179648K
  class space    used 10350K, committed 11200K, reserved 1048576K
}
Event: 11.242 GC heap after
{Heap after GC invocations=27 (full 0):
 garbage-first heap   total 118784K, used 79564K [0x0000000080000000, 0x0000000100000000)
  region size 1024K, 3 young (3072K), 3 survivors (3072K)
 Metaspace       used 75146K, committed 76928K, reserved 1179648K
  class space    used 10350K, committed 11200K, reserved 1048576K
}
Event: 11.891 GC heap before
{Heap before GC invocations=28 (full 0):
 garbage-first heap   total 135168K, used 113356K [0x0000000080000000, 0x0000000100000000)
  region size 1024K, 32 young (32768K), 3 survivors (3072K)
 Metaspace       used 77171K, committed 78848K, reserved 1179648K
  class space    used 10638K, committed 11456K, reserved 1048576K
}
Event: 11.895 GC heap after
{Heap after GC invocations=29 (full 0):
 garbage-first heap   total 135168K, used 84537K [0x0000000080000000, 0x0000000100000000)
  region size 1024K, 4 young (4096K), 4 survivors (4096K)
 Metaspace       used 77171K, committed 78848K, reserved 1179648K
  class space    used 10638K, committed 11456K, reserved 1048576K
}
Event: 12.445 GC heap before
{Heap before GC invocations=29 (full 0):
 garbage-first heap   total 135168K, used 121401K [0x0000000080000000, 0x0000000100000000)
  region size 1024K, 40 young (40960K), 4 survivors (4096K)
 Metaspace       used 79943K, committed 81664K, reserved 1179648K
  class space    used 10982K, committed 11840K, reserved 1048576K
}
Event: 12.452 GC heap after
{Heap after GC invocations=30 (full 0):
 garbage-first heap   total 135168K, used 86496K [0x0000000080000000, 0x0000000100000000)
  region size 1024K, 3 young (3072K), 3 survivors (3072K)
 Metaspace       used 79943K, committed 81664K, reserved 1179648K
  class space    used 10982K, committed 11840K, reserved 1048576K
}
Event: 13.185 GC heap before
{Heap before GC invocations=30 (full 0):
 garbage-first heap   total 135168K, used 121312K [0x0000000080000000, 0x0000000100000000)
  region size 1024K, 38 young (38912K), 3 survivors (3072K)
 Metaspace       used 83704K, committed 85504K, reserved 1179648K
  class space    used 11482K, committed 12352K, reserved 1048576K
}
Event: 13.189 GC heap after
{Heap after GC invocations=31 (full 0):
 garbage-first heap   total 135168K, used 87965K [0x0000000080000000, 0x0000000100000000)
  region size 1024K, 4 young (4096K), 4 survivors (4096K)
 Metaspace       used 83704K, committed 85504K, reserved 1179648K
  class space    used 11482K, committed 12352K, reserved 1048576K
}
Event: 13.931 GC heap before
{Heap before GC invocations=32 (full 0):
 garbage-first heap   total 148480K, used 127901K [0x0000000080000000, 0x0000000100000000)
  region size 1024K, 39 young (39936K), 4 survivors (4096K)
 Metaspace       used 87625K, committed 89472K, reserved 1179648K
  class space    used 12069K, committed 12992K, reserved 1048576K
}
Event: 13.937 GC heap after
{Heap after GC invocations=33 (full 0):
 garbage-first heap   total 148480K, used 93420K [0x0000000080000000, 0x0000000100000000)
  region size 1024K, 4 young (4096K), 4 survivors (4096K)
 Metaspace       used 87625K, committed 89472K, reserved 1179648K
  class space    used 12069K, committed 12992K, reserved 1048576K
}
Event: 14.740 GC heap before
{Heap before GC invocations=33 (full 0):
 garbage-first heap   total 148480K, used 136428K [0x0000000080000000, 0x0000000100000000)
  region size 1024K, 46 young (47104K), 4 survivors (4096K)
 Metaspace       used 90987K, committed 92864K, reserved 1179648K
  class space    used 12513K, committed 13440K, reserved 1048576K
}
Event: 14.748 GC heap after
{Heap after GC invocations=34 (full 0):
 garbage-first heap   total 148480K, used 95331K [0x0000000080000000, 0x0000000100000000)
  region size 1024K, 6 young (6144K), 6 survivors (6144K)
 Metaspace       used 90987K, committed 92864K, reserved 1179648K
  class space    used 12513K, committed 13440K, reserved 1048576K
}
Event: 15.330 GC heap before
{Heap before GC invocations=34 (full 0):
 garbage-first heap   total 148480K, used 137315K [0x0000000080000000, 0x0000000100000000)
  region size 1024K, 47 young (48128K), 6 survivors (6144K)
 Metaspace       used 91662K, committed 93504K, reserved 1179648K
  class space    used 12613K, committed 13504K, reserved 1048576K
}
Event: 15.339 GC heap after
{Heap after GC invocations=35 (full 0):
 garbage-first heap   total 148480K, used 99201K [0x0000000080000000, 0x0000000100000000)
  region size 1024K, 6 young (6144K), 6 survivors (6144K)
 Metaspace       used 91662K, committed 93504K, reserved 1179648K
  class space    used 12613K, committed 13504K, reserved 1048576K
}

Dll operation events (3 events):
Event: 0.013 Loaded shared library C:\Program Files\Android\Android Studio\jbr\bin\java.dll
Event: 0.017 Loaded shared library C:\Program Files\Android\Android Studio\jbr\bin\zip.dll
Event: 0.589 Loaded shared library C:\Program Files\Android\Android Studio\jbr\bin\verify.dll

Deoptimization events (20 events):
Event: 14.760 Thread 0x000001df449ae2b0 DEOPT PACKING pc=0x000001df313da040 sp=0x00000061ce3f7e00
Event: 14.760 Thread 0x000001df449ae2b0 DEOPT UNPACKING pc=0x000001df30d943a2 sp=0x00000061ce3f7b18 mode 2
Event: 14.761 Thread 0x000001df449ae2b0 Uncommon trap: trap_request=0xffffff45 fr.pc=0x000001df316e60f4 relative=0x0000000000001754
Event: 14.761 Thread 0x000001df449ae2b0 Uncommon trap: reason=unstable_if action=reinterpret pc=0x000001df316e60f4 method=sun.nio.fs.WindowsPath.getPathForWin32Calls(Z)Ljava/lang/String; @ 21 c2
Event: 14.761 Thread 0x000001df449ae2b0 DEOPT PACKING pc=0x000001df316e60f4 sp=0x00000061ce3f7cb0
Event: 14.761 Thread 0x000001df449ae2b0 DEOPT UNPACKING pc=0x000001df30d943a2 sp=0x00000061ce3f7b80 mode 2
Event: 15.172 Thread 0x000001df449ae2b0 Uncommon trap: trap_request=0xffffff45 fr.pc=0x000001df315bd7f4 relative=0x0000000000000334
Event: 15.172 Thread 0x000001df449ae2b0 Uncommon trap: reason=unstable_if action=reinterpret pc=0x000001df315bd7f4 method=sun.invoke.util.VerifyType.isNullType(Ljava/lang/Class;)Z @ 3 c2
Event: 15.172 Thread 0x000001df449ae2b0 DEOPT PACKING pc=0x000001df315bd7f4 sp=0x00000061ce3f66c0
Event: 15.172 Thread 0x000001df449ae2b0 DEOPT UNPACKING pc=0x000001df30d943a2 sp=0x00000061ce3f6600 mode 2
Event: 15.280 Thread 0x000001df449ae2b0 DEOPT PACKING pc=0x000001df2a230e8e sp=0x00000061ce3f6200
Event: 15.280 Thread 0x000001df449ae2b0 DEOPT UNPACKING pc=0x000001df30d94b42 sp=0x00000061ce3f57c0 mode 0
Event: 15.565 Thread 0x000001df449ae2b0 Uncommon trap: trap_request=0xfffffff4 fr.pc=0x000001df3164a674 relative=0x00000000000022b4
Event: 15.565 Thread 0x000001df449ae2b0 Uncommon trap: reason=null_check action=make_not_entrant pc=0x000001df3164a674 method=java.lang.PublicMethods$MethodList.getMostSpecific()Ljava/lang/reflect/Method; @ 41 c2
Event: 15.565 Thread 0x000001df449ae2b0 DEOPT PACKING pc=0x000001df3164a674 sp=0x00000061ce3f4520
Event: 15.565 Thread 0x000001df449ae2b0 DEOPT UNPACKING pc=0x000001df30d943a2 sp=0x00000061ce3f4400 mode 2
Event: 15.609 Thread 0x000001df449ae2b0 Uncommon trap: trap_request=0xffffff45 fr.pc=0x000001df318154f4 relative=0x0000000000000414
Event: 15.609 Thread 0x000001df449ae2b0 Uncommon trap: reason=unstable_if action=reinterpret pc=0x000001df318154f4 method=org.codehaus.groovy.runtime.metaclass.MetaMethodIndex.isOverridden(Lgroovy/lang/MetaMethod;Lgroovy/lang/MetaMethod;)Z @ 52 c2
Event: 15.609 Thread 0x000001df449ae2b0 DEOPT PACKING pc=0x000001df318154f4 sp=0x00000061ce3f5970
Event: 15.609 Thread 0x000001df449ae2b0 DEOPT UNPACKING pc=0x000001df30d943a2 sp=0x00000061ce3f5910 mode 2

Classes loaded (20 events):
Event: 14.860 Loading class java/util/ArrayListBeanInfo
Event: 14.860 Loading class java/util/ArrayListBeanInfo done
Event: 14.860 Loading class java/util/ArrayListBeanInfo
Event: 14.860 Loading class java/util/ArrayListBeanInfo done
Event: 14.861 Loading class java/util/AbstractListBeanInfo
Event: 14.861 Loading class java/util/AbstractListBeanInfo done
Event: 14.862 Loading class java/util/AbstractListBeanInfo
Event: 14.862 Loading class java/util/AbstractListBeanInfo done
Event: 14.862 Loading class java/util/AbstractListCustomizer
Event: 14.862 Loading class java/util/AbstractListCustomizer done
Event: 14.863 Loading class java/util/AbstractListCustomizer
Event: 14.863 Loading class java/util/AbstractListCustomizer done
Event: 14.866 Loading class java/util/ArrayListCustomizer
Event: 14.866 Loading class java/util/ArrayListCustomizer done
Event: 14.867 Loading class java/util/ArrayListCustomizer
Event: 14.867 Loading class java/util/ArrayListCustomizer done
Event: 15.137 Loading class java/beans/IntrospectionException
Event: 15.137 Loading class java/beans/IntrospectionException done
Event: 15.224 Loading class java/util/AbstractList$ListItr
Event: 15.224 Loading class java/util/AbstractList$ListItr done

Classes unloaded (0 events):
No events

Classes redefined (0 events):
No events

Internal exceptions (20 events):
Event: 16.857 Thread 0x000001df449ae2b0 Exception <a 'sun/nio/fs/WindowsException'{0x0000000087e80408}> (0x0000000087e80408) 
thrown [s\src\hotspot\share\prims\jni.cpp, line 537]
Event: 16.858 Thread 0x000001df449ae2b0 Exception <a 'java/lang/ClassNotFoundException'{0x0000000087e861a0}: org/gradle/api/internal/artifacts/dsl/dependencies/DefaultDependencyHandlerCustomizer> (0x0000000087e861a0) 
thrown [s\src\hotspot\share\classfile\systemDictionary.cpp, line 312]
Event: 16.866 Thread 0x000001df449ae2b0 Exception <a 'sun/nio/fs/WindowsException'{0x0000000087ee23e8}> (0x0000000087ee23e8) 
thrown [s\src\hotspot\share\prims\jni.cpp, line 537]
Event: 16.866 Thread 0x000001df449ae2b0 Exception <a 'java/lang/ClassNotFoundException'{0x0000000087ee83b8}: org/gradle/api/internal/artifacts/dsl/dependencies/DefaultDependencyHandler_DecoratedCustomizer> (0x0000000087ee83b8) 
thrown [s\src\hotspot\share\classfile\systemDictionary.cpp, line 312]
Event: 16.882 Thread 0x000001df449ae2b0 Exception <a 'sun/nio/fs/WindowsException'{0x0000000087c58060}> (0x0000000087c58060) 
thrown [s\src\hotspot\share\prims\jni.cpp, line 537]
Event: 16.882 Thread 0x000001df449ae2b0 Exception <a 'java/lang/ClassNotFoundException'{0x0000000087c5dcd0}: org/gradle/api/internal/file/collections/DefaultConfigurableFileTreeBeanInfo> (0x0000000087c5dcd0) 
thrown [s\src\hotspot\share\classfile\systemDictionary.cpp, line 312]
Event: 16.883 Thread 0x000001df449ae2b0 Exception <a 'sun/nio/fs/WindowsException'{0x0000000087c72740}> (0x0000000087c72740) 
thrown [s\src\hotspot\share\prims\jni.cpp, line 537]
Event: 16.883 Thread 0x000001df449ae2b0 Exception <a 'java/lang/ClassNotFoundException'{0x0000000087c78318}: org/gradle/api/internal/file/CompositeFileTreeBeanInfo> (0x0000000087c78318) 
thrown [s\src\hotspot\share\classfile\systemDictionary.cpp, line 312]
Event: 16.884 Thread 0x000001df449ae2b0 Exception <a 'sun/nio/fs/WindowsException'{0x0000000087c8d328}> (0x0000000087c8d328) 
thrown [s\src\hotspot\share\prims\jni.cpp, line 537]
Event: 16.884 Thread 0x000001df449ae2b0 Exception <a 'java/lang/ClassNotFoundException'{0x0000000087c92ff8}: org/gradle/api/internal/file/CompositeFileCollectionBeanInfo> (0x0000000087c92ff8) 
thrown [s\src\hotspot\share\classfile\systemDictionary.cpp, line 312]
Event: 16.885 Thread 0x000001df449ae2b0 Exception <a 'sun/nio/fs/WindowsException'{0x0000000087ca7d78}> (0x0000000087ca7d78) 
thrown [s\src\hotspot\share\prims\jni.cpp, line 537]
Event: 16.885 Thread 0x000001df449ae2b0 Exception <a 'java/lang/ClassNotFoundException'{0x0000000087cada48}: org/gradle/api/internal/file/AbstractFileCollectionBeanInfo> (0x0000000087cada48) 
thrown [s\src\hotspot\share\classfile\systemDictionary.cpp, line 312]
Event: 16.886 Thread 0x000001df449ae2b0 Exception <a 'sun/nio/fs/WindowsException'{0x0000000087cc27d8}> (0x0000000087cc27d8) 
thrown [s\src\hotspot\share\prims\jni.cpp, line 537]
Event: 16.886 Thread 0x000001df449ae2b0 Exception <a 'java/lang/ClassNotFoundException'{0x0000000087cc84a8}: org/gradle/api/internal/file/AbstractFileCollectionCustomizer> (0x0000000087cc84a8) 
thrown [s\src\hotspot\share\classfile\systemDictionary.cpp, line 312]
Event: 16.887 Thread 0x000001df449ae2b0 Exception <a 'sun/nio/fs/WindowsException'{0x0000000087cf63d0}> (0x0000000087cf63d0) 
thrown [s\src\hotspot\share\prims\jni.cpp, line 537]
Event: 16.888 Thread 0x000001df449ae2b0 Exception <a 'java/lang/ClassNotFoundException'{0x0000000087cfc0d0}: org/gradle/api/internal/file/CompositeFileCollectionCustomizer> (0x0000000087cfc0d0) 
thrown [s\src\hotspot\share\classfile\systemDictionary.cpp, line 312]
Event: 16.889 Thread 0x000001df449ae2b0 Exception <a 'sun/nio/fs/WindowsException'{0x0000000087b19948}> (0x0000000087b19948) 
thrown [s\src\hotspot\share\prims\jni.cpp, line 537]
Event: 16.889 Thread 0x000001df449ae2b0 Exception <a 'java/lang/ClassNotFoundException'{0x0000000087b1f350}: org/gradle/api/internal/file/CompositeFileTreeCustomizer> (0x0000000087b1f350) 
thrown [s\src\hotspot\share\classfile\systemDictionary.cpp, line 312]
Event: 16.891 Thread 0x000001df449ae2b0 Exception <a 'sun/nio/fs/WindowsException'{0x0000000087b55108}> (0x0000000087b55108) 
thrown [s\src\hotspot\share\prims\jni.cpp, line 537]
Event: 16.891 Thread 0x000001df449ae2b0 Exception <a 'java/lang/ClassNotFoundException'{0x0000000087b5ada8}: org/gradle/api/internal/file/collections/DefaultConfigurableFileTreeCustomizer> (0x0000000087b5ada8) 
thrown [s\src\hotspot\share\classfile\systemDictionary.cpp, line 312]

ZGC Phase Switch (0 events):
No events

VM Operations (20 events):
Event: 13.497 Executing non-safepoint VM operation: HandshakeAllThreads (Deoptimize)
Event: 13.497 Executing non-safepoint VM operation: HandshakeAllThreads (Deoptimize) done
Event: 13.931 Executing safepoint VM operation: G1CollectForAllocation (G1 Evacuation Pause)
Event: 13.937 Executing safepoint VM operation: G1CollectForAllocation (G1 Evacuation Pause) done
Event: 14.740 Executing safepoint VM operation: G1CollectForAllocation (G1 Evacuation Pause)
Event: 14.748 Executing safepoint VM operation: G1CollectForAllocation (G1 Evacuation Pause) done
Event: 14.874 Executing non-safepoint VM operation: HandshakeAllThreads (Deoptimize)
Event: 14.874 Executing non-safepoint VM operation: HandshakeAllThreads (Deoptimize) done
Event: 15.226 Executing non-safepoint VM operation: HandshakeAllThreads (Deoptimize)
Event: 15.226 Executing non-safepoint VM operation: HandshakeAllThreads (Deoptimize) done
Event: 15.330 Executing safepoint VM operation: G1CollectForAllocation (G1 Evacuation Pause)
Event: 15.339 Executing safepoint VM operation: G1CollectForAllocation (G1 Evacuation Pause) done
Event: 15.450 Executing safepoint VM operation: G1PauseRemark
Event: 15.456 Executing safepoint VM operation: G1PauseRemark done
Event: 15.500 Executing safepoint VM operation: G1PauseCleanup
Event: 15.501 Executing safepoint VM operation: G1PauseCleanup done
Event: 16.512 Executing safepoint VM operation: Cleanup
Event: 16.813 Executing safepoint VM operation: Cleanup done
Event: 17.822 Executing safepoint VM operation: Cleanup
Event: 17.822 Executing safepoint VM operation: Cleanup done

Memory protections (0 events):
No events

Nmethod flushes (20 events):
Event: 15.455 Thread 0x000001df42008bd0 flushing  nmethod 0x000001df29a2ad10
Event: 15.455 Thread 0x000001df42008bd0 flushing  nmethod 0x000001df29a6d310
Event: 15.455 Thread 0x000001df42008bd0 flushing  nmethod 0x000001df29b6bf10
Event: 15.455 Thread 0x000001df42008bd0 flushing  nmethod 0x000001df29b9b810
Event: 15.455 Thread 0x000001df42008bd0 flushing  nmethod 0x000001df29b9d490
Event: 15.455 Thread 0x000001df42008bd0 flushing  nmethod 0x000001df29c11010
Event: 15.455 Thread 0x000001df42008bd0 flushing  nmethod 0x000001df29c11410
Event: 15.455 Thread 0x000001df42008bd0 flushing  nmethod 0x000001df29daa390
Event: 15.455 Thread 0x000001df42008bd0 flushing  nmethod 0x000001df29db5090
Event: 15.455 Thread 0x000001df42008bd0 flushing  nmethod 0x000001df29e7e210
Event: 15.455 Thread 0x000001df42008bd0 flushing  nmethod 0x000001df2a116a10
Event: 15.455 Thread 0x000001df42008bd0 flushing  nmethod 0x000001df2a118a10
Event: 15.455 Thread 0x000001df42008bd0 flushing  nmethod 0x000001df2a141e90
Event: 15.455 Thread 0x000001df42008bd0 flushing  nmethod 0x000001df2a1a8210
Event: 15.455 Thread 0x000001df42008bd0 flushing  nmethod 0x000001df2a211a90
Event: 15.455 Thread 0x000001df42008bd0 flushing  nmethod 0x000001df2a41f490
Event: 15.455 Thread 0x000001df42008bd0 flushing  nmethod 0x000001df2a757790
Event: 15.455 Thread 0x000001df42008bd0 flushing  nmethod 0x000001df2a758410
Event: 15.455 Thread 0x000001df42008bd0 flushing  nmethod 0x000001df2a75be10
Event: 15.455 Thread 0x000001df42008bd0 flushing  nmethod 0x000001df2a762590

Events (20 events):
Event: 8.257 Thread 0x000001df449ae2b0 Thread added: 0x000001df478fbfd0
Event: 8.259 Thread 0x000001df449ae2b0 Thread added: 0x000001df478fccf0
Event: 8.261 Thread 0x000001df449ae2b0 Thread added: 0x000001df478fda10
Event: 8.263 Thread 0x000001df449ae2b0 Thread added: 0x000001df478fe0a0
Event: 8.270 Thread 0x000001df449ae2b0 Thread added: 0x000001df478fedc0
Event: 8.273 Thread 0x000001df449ae2b0 Thread added: 0x000001df43934d40
Event: 8.645 Thread 0x000001df449ae2b0 Thread added: 0x000001df43935a60
Event: 8.646 Thread 0x000001df449ae2b0 Thread added: 0x000001df43936e10
Event: 8.649 Thread 0x000001df449ae2b0 Thread added: 0x000001df439374a0
Event: 8.650 Thread 0x000001df449ae2b0 Thread added: 0x000001df439381c0
Event: 8.651 Thread 0x000001df449ae2b0 Thread added: 0x000001df43937b30
Event: 8.653 Thread 0x000001df449ae2b0 Thread added: 0x000001df439360f0
Event: 8.655 Thread 0x000001df449ae2b0 Thread added: 0x000001df43936780
Event: 9.668 Thread 0x000001df449ae2b0 Thread added: 0x000001df43938850
Event: 9.706 Thread 0x000001df449ae2b0 Thread added: 0x000001df439353d0
Event: 11.104 Thread 0x000001df449ae2b0 Thread added: 0x000001df4393a290
Event: 13.222 Thread 0x000001df449ae2b0 Thread added: 0x000001df4393bcd0
Event: 14.280 Thread 0x000001df43b6b590 Thread exited: 0x000001df43b6b590
Event: 14.473 Thread 0x000001df420e1500 Thread added: 0x000001df43b6b590
Event: 14.799 Thread 0x000001df449ae2b0 Thread added: 0x000001df4393afb0


Dynamic libraries:
0x00007ff6c68f0000 - 0x00007ff6c68fa000 	C:\Program Files\Android\Android Studio\jbr\bin\java.exe
0x00007ff9a3dc0000 - 0x00007ff9a4026000 	C:\WINDOWS\SYSTEM32\ntdll.dll
0x00007ff9a2d30000 - 0x00007ff9a2df9000 	C:\WINDOWS\System32\KERNEL32.DLL
0x00007ff9a12d0000 - 0x00007ff9a16ce000 	C:\WINDOWS\System32\KERNELBASE.dll
0x00007ff9a1990000 - 0x00007ff9a1adc000 	C:\WINDOWS\System32\ucrtbase.dll
0x00007ff986520000 - 0x00007ff986538000 	C:\Program Files\Android\Android Studio\jbr\bin\jli.dll
0x00007ff986540000 - 0x00007ff98655b000 	C:\Program Files\Android\Android Studio\jbr\bin\VCRUNTIME140.dll
0x00007ff9a36f0000 - 0x00007ff9a38b7000 	C:\WINDOWS\System32\USER32.dll
0x00007ff98bc70000 - 0x00007ff98bf02000 	C:\WINDOWS\WinSxS\amd64_microsoft.windows.common-controls_6595b64144ccf1df_6.0.26100.8875_none_3e0d5d42e32fe9dd\COMCTL32.dll
0x00007ff9a1960000 - 0x00007ff9a1987000 	C:\WINDOWS\System32\win32u.dll
0x00007ff9a3570000 - 0x00007ff9a3619000 	C:\WINDOWS\System32\msvcrt.dll
0x00007ff9a3520000 - 0x00007ff9a354b000 	C:\WINDOWS\System32\GDI32.dll
0x00007ff9a17a0000 - 0x00007ff9a18ca000 	C:\WINDOWS\System32\gdi32full.dll
0x00007ff9a1220000 - 0x00007ff9a12c3000 	C:\WINDOWS\System32\msvcp_win.dll
0x00007ff9a3d40000 - 0x00007ff9a3d72000 	C:\WINDOWS\System32\IMM32.DLL
0x00007ff99d8d0000 - 0x00007ff99d8dc000 	C:\Program Files\Android\Android Studio\jbr\bin\vcruntime140_1.dll
0x00007ff97c280000 - 0x00007ff97c30d000 	C:\Program Files\Android\Android Studio\jbr\bin\msvcp140.dll
0x00007ff8ee9e0000 - 0x00007ff8ef676000 	C:\Program Files\Android\Android Studio\jbr\bin\server\jvm.dll
0x00007ff9a2e00000 - 0x00007ff9a2eb7000 	C:\WINDOWS\System32\ADVAPI32.dll
0x00007ff9a1f90000 - 0x00007ff9a203a000 	C:\WINDOWS\System32\sechost.dll
0x00007ff9a2250000 - 0x00007ff9a2368000 	C:\WINDOWS\System32\RPCRT4.dll
0x00007ff9a1cd0000 - 0x00007ff9a1d50000 	C:\WINDOWS\System32\WS2_32.dll
0x00007ff9a0e40000 - 0x00007ff9a0e9e000 	C:\WINDOWS\SYSTEM32\POWRPROF.dll
0x00007ff98b620000 - 0x00007ff98b656000 	C:\WINDOWS\SYSTEM32\WINMM.dll
0x00007ff999cc0000 - 0x00007ff999ccb000 	C:\WINDOWS\SYSTEM32\VERSION.dll
0x00007ff9a0e20000 - 0x00007ff9a0e34000 	C:\WINDOWS\SYSTEM32\UMPDC.dll
0x00007ff99fc80000 - 0x00007ff99fc9b000 	C:\WINDOWS\SYSTEM32\kernel.appcore.dll
0x00007ff98b8b0000 - 0x00007ff98b8ba000 	C:\Program Files\Android\Android Studio\jbr\bin\jimage.dll
0x00007ff99e660000 - 0x00007ff99e8a2000 	C:\WINDOWS\SYSTEM32\DBGHELP.DLL
0x00007ff9a39b0000 - 0x00007ff9a3d33000 	C:\WINDOWS\System32\combase.dll
0x00007ff9a2c00000 - 0x00007ff9a2cd9000 	C:\WINDOWS\System32\OLEAUT32.dll
0x00007ff97fdb0000 - 0x00007ff97fdeb000 	C:\WINDOWS\SYSTEM32\dbgcore.DLL
0x00007ff9a1160000 - 0x00007ff9a120c000 	C:\WINDOWS\System32\bcryptPrimitives.dll
0x00007ff987190000 - 0x00007ff98719e000 	C:\Program Files\Android\Android Studio\jbr\bin\instrument.dll
0x00007ff982d40000 - 0x00007ff982d60000 	C:\Program Files\Android\Android Studio\jbr\bin\java.dll
0x00007ff982d20000 - 0x00007ff982d38000 	C:\Program Files\Android\Android Studio\jbr\bin\zip.dll
0x00007ff9a2400000 - 0x00007ff9a2b92000 	C:\WINDOWS\System32\SHELL32.dll
0x00007ff99ea40000 - 0x00007ff99f2d2000 	C:\WINDOWS\SYSTEM32\windows.storage.dll
0x00007ff9a2150000 - 0x00007ff9a2247000 	C:\WINDOWS\System32\SHCORE.dll
0x00007ff9a38c0000 - 0x00007ff9a3927000 	C:\WINDOWS\System32\shlwapi.dll
0x00007ff9a0f00000 - 0x00007ff9a0f29000 	C:\WINDOWS\SYSTEM32\profapi.dll
0x00007ff98b1f0000 - 0x00007ff98b200000 	C:\Program Files\Android\Android Studio\jbr\bin\net.dll
0x00007ff99a750000 - 0x00007ff99a877000 	C:\WINDOWS\SYSTEM32\WINHTTP.dll
0x00007ff9a0210000 - 0x00007ff9a027c000 	C:\WINDOWS\system32\mswsock.dll
0x00007ff97e1a0000 - 0x00007ff97e1b6000 	C:\Program Files\Android\Android Studio\jbr\bin\nio.dll
0x00007ff991ba0000 - 0x00007ff991bb0000 	C:\Program Files\Android\Android Studio\jbr\bin\verify.dll
0x00007ff97dbd0000 - 0x00007ff97dbf7000 	C:\Users\UPCOMING\.gradle\native\1def1411415f61bf3af743bc5b6707747c0891f09f0c88961ee8f79bc544acac\windows-amd64\native-platform.dll
0x00007ff979260000 - 0x00007ff9792d8000 	C:\Users\UPCOMING\.gradle\native\0.2.7\x86_64-windows-gnu\gradle-fileevents.dll
0x00007ff991b90000 - 0x00007ff991b99000 	C:\Program Files\Android\Android Studio\jbr\bin\management.dll
0x00007ff98b210000 - 0x00007ff98b21b000 	C:\Program Files\Android\Android Studio\jbr\bin\management_ext.dll
0x00007ff9a2040000 - 0x00007ff9a2048000 	C:\WINDOWS\System32\PSAPI.DLL
0x00007ff99f630000 - 0x00007ff99f663000 	C:\WINDOWS\SYSTEM32\IPHLPAPI.DLL
0x00007ff9a36e0000 - 0x00007ff9a36ea000 	C:\WINDOWS\System32\NSI.dll
0x00007ff98b200000 - 0x00007ff98b209000 	C:\Program Files\Android\Android Studio\jbr\bin\extnet.dll
0x00007ff9a0640000 - 0x00007ff9a065b000 	C:\WINDOWS\SYSTEM32\CRYPTSP.dll
0x00007ff99fbe0000 - 0x00007ff99fc19000 	C:\WINDOWS\system32\rsaenh.dll
0x00007ff9a02d0000 - 0x00007ff9a0302000 	C:\WINDOWS\SYSTEM32\USERENV.dll
0x00007ff9a0ed0000 - 0x00007ff9a0efa000 	C:\WINDOWS\SYSTEM32\bcrypt.dll
0x00007ff9a0480000 - 0x00007ff9a048c000 	C:\WINDOWS\SYSTEM32\CRYPTBASE.dll
0x00007ff968d20000 - 0x00007ff968d28000 	C:\WINDOWS\system32\wshunix.dll

JVMTI agents:
C:\Users\UPCOMING\.gradle\wrapper\dists\gradle-8.13-bin\5xuhj0ry160q40clulazy9h7d\gradle-8.13\lib\agents\gradle-instrumentation-agent-8.13.jar path:C:\Program Files\Android\Android Studio\jbr\bin\instrument.dll, loaded, initialized, instrumentlib options:none

dbghelp: loaded successfully - version: 4.0.5 - missing functions: none
symbol engine: initialized successfully - sym options: 0x614 - pdb path: .;C:\Program Files\Android\Android Studio\jbr\bin;C:\WINDOWS\SYSTEM32;C:\WINDOWS\WinSxS\amd64_microsoft.windows.common-controls_6595b64144ccf1df_6.0.26100.8875_none_3e0d5d42e32fe9dd;C:\Program Files\Android\Android Studio\jbr\bin\server;C:\Users\UPCOMING\.gradle\native\1def1411415f61bf3af743bc5b6707747c0891f09f0c88961ee8f79bc544acac\windows-amd64;C:\Users\UPCOMING\.gradle\native\0.2.7\x86_64-windows-gnu

VM Arguments:
jvm_args: --add-opens=java.base/java.lang=ALL-UNNAMED --add-opens=java.base/java.lang.invoke=ALL-UNNAMED --add-opens=java.base/java.util=ALL-UNNAMED --add-opens=java.prefs/java.util.prefs=ALL-UNNAMED --add-exports=jdk.compiler/com.sun.tools.javac.api=ALL-UNNAMED --add-exports=jdk.compiler/com.sun.tools.javac.util=ALL-UNNAMED --add-opens=java.base/java.util=ALL-UNNAMED --add-opens=java.prefs/java.util.prefs=ALL-UNNAMED --add-opens=java.base/java.nio.charset=ALL-UNNAMED --add-opens=java.base/java.net=ALL-UNNAMED --add-opens=java.base/java.util.concurrent.atomic=ALL-UNNAMED --add-opens=java.xml/javax.xml.namespace=ALL-UNNAMED -Xmx2048m -Dfile.encoding=UTF-8 -Duser.country=US -Duser.language=en -Duser.variant -javaagent:C:\Users\UPCOMING\.gradle\wrapper\dists\gradle-8.13-bin\5xuhj0ry160q40clulazy9h7d\gradle-8.13\lib\agents\gradle-instrumentation-agent-8.13.jar 
java_command: org.gradle.launcher.daemon.bootstrap.GradleDaemon 8.13
java_class_path (initial): C:\Users\UPCOMING\.gradle\wrapper\dists\gradle-8.13-bin\5xuhj0ry160q40clulazy9h7d\gradle-8.13\lib\gradle-daemon-main-8.13.jar
Launcher Type: SUN_STANDARD

[Global flags]
     intx CICompilerCount                          = 4                                         {product} {ergonomic}
     uint ConcGCThreads                            = 2                                         {product} {ergonomic}
     uint G1ConcRefinementThreads                  = 8                                         {product} {ergonomic}
   size_t G1HeapRegionSize                         = 1048576                                   {product} {ergonomic}
    uintx GCDrainStackTargetSize                   = 64                                        {product} {ergonomic}
   size_t InitialHeapSize                          = 132120576                                 {product} {ergonomic}
   size_t MarkStackSize                            = 4194304                                   {product} {ergonomic}
   size_t MaxHeapSize                              = 2147483648                                {product} {command line}
   size_t MaxNewSize                               = 1287651328                                {product} {ergonomic}
   size_t MinHeapDeltaBytes                        = 1048576                                   {product} {ergonomic}
   size_t MinHeapSize                              = 8388608                                   {product} {ergonomic}
    uintx NonNMethodCodeHeapSize                   = 5839372                                {pd product} {ergonomic}
    uintx NonProfiledCodeHeapSize                  = 122909434                              {pd product} {ergonomic}
    uintx ProfiledCodeHeapSize                     = 122909434                              {pd product} {ergonomic}
    uintx ReservedCodeCacheSize                    = 251658240                              {pd product} {ergonomic}
     bool SegmentedCodeCache                       = true                                      {product} {ergonomic}
   size_t SoftMaxHeapSize                          = 2147483648                             {manageable} {ergonomic}
     bool UseCompressedOops                        = true                           {product lp64_product} {ergonomic}
     bool UseG1GC                                  = true                                      {product} {ergonomic}
     bool UseLargePagesIndividualAllocation        = false                                  {pd product} {ergonomic}

Logging:
Log output configuration:
 #0: stdout all=warning uptime,level,tags foldmultilines=false
 #1: stderr all=off uptime,level,tags foldmultilines=false

Release file:
JAVA_VERSION="21.0.10" 
MODULES="java.base java.compiler java.datatransfer java.xml java.prefs java.desktop java.instrument java.logging java.management java.security.sasl java.naming java.rmi java.management.rmi java.net.http java.scripting java.security.jgss java.transaction.xa java.sql java.sql.rowset java.xml.crypto java.se java.smartcardio jdk.accessibility jdk.internal.jvmstat jdk.attach jdk.charsets jdk.internal.opt jdk.zipfs jdk.compiler jdk.crypto.ec jdk.crypto.cryptoki jdk.dynalink jdk.hotspot.agent jdk.httpserver jdk.internal.ed jdk.internal.le jdk.internal.vm.ci jdk.jartool jdk.javadoc jdk.jcmd jdk.jdeps jdk.jdwp.agent jdk.jdi jdk.jfr jdk.jlink jdk.jsobject jdk.localedata jdk.management jdk.management.agent jdk.management.jfr jdk.naming.dns jdk.naming.rmi jdk.net jdk.sctp jdk.security.auth jdk.security.jgss jdk.unsupported jdk.unsupported.desktop jdk.xml.dom" 
IMPLEMENTOR="JetBrains s.r.o." 
JAVA_RUNTIME_VERSION="21.0.10+-14961533-b1163.108" 
LIBC="default" 
OS_ARCH="x86_64" 
OS_NAME="Windows" 
SOURCE=".:git:1351622c2ff2" 

Environment Variables:
JAVA_HOME=C:\Program Files\Android\Android Studio\jbr
CLASSPATH=C:\Users\UPCOMING\newblackbox\\gradle\wrapper\gradle-wrapper.jar
PATH=C:\Program Files\Android\Android Studio\jbr\bin;C:\Users\UPCOMING\.codex\tmp\arg0\codex-arg0RARIcq;C:\Users\UPCOMING\.cache\codex-runtimes\codex-primary-runtime\dependencies\bin\override;C:\Program Files\Eclipse Adoptium\jre-8.0.492.9-hotspot\bin;C:\Program Files\Eclipse Adoptium\jdk-17.0.19.10-hotspot\bin;C:\WINDOWS\system32;C:\WINDOWS;C:\WINDOWS\System32\Wbem;C:\WINDOWS\System32\WindowsPowerShell\v1.0\;C:\WINDOWS\System32\OpenSSH\;C:\Program Files\dotnet\;C:\Program Files\nodejs\;C:\Program Files\Git\cmd;C:\Users\UPCOMING\.local\bin;C:\Program Files\Docker\Docker\resources\bin;C:\apktool;C:\Users\UPCOMING\.cargo\bin;C:\Users\UPCOMING\AppData\Local\Programs\Python\Python314\Scripts\;C:\Users\UPCOMING\AppData\Local\Programs\Python\Python314\;C:\Users\UPCOMING\AppData\Local\Programs\Python\Python311\Scripts\;C:\Users\UPCOMING\AppData\Local\Programs\Python\Python311\;C:\Users\UPCOMING\AppData\Local\Microsoft\WindowsApps;C:\Users\UPCOMING\AppData\Roaming\npm;C:\Users\UPCOMING\AppData\Local\Programs\Ollama;C:\Users\UPCOMING\AppData\Local\Microsoft\WinGet\Packages\Google.PlatformTools_Microsoft.Winget.Source_8wekyb3d8bbwe\platform-tools;C:\Program Files (x86)\Nmap;C:\Users\UPCOMING\.cache\codex-runtimes\codex-primary-runtime\dependencies\bin\fallback;C:\Users\UPCOMING\AppData\Local\OpenAI\Codex\bin\ada252862d154cdd;C:\Program Files\WindowsApps\OpenAI.Codex_26.715.4045.0_x64__2p2nqsd0c76g0\app\resources
USERNAME=UPCOMING
SHELL=C:\WINDOWS\System32\WindowsPowerShell\v1.0\powershell.exe
OS=Windows_NT
PROCESSOR_IDENTIFIER=Intel64 Family 6 Model 142 Stepping 12, GenuineIntel
TMP=C:\Users\UPCOMING\AppData\Local\Temp
TEMP=C:\Users\UPCOMING\AppData\Local\Temp




Periodic native trim disabled

JNI global refs:
JNI global refs: 30, weak refs: 2

JNI global refs memory usage: 835, weak refs: 833

Process memory usage:
Resident Set Size: 441860K (5% of 8198940K total physical memory with 383616K free physical memory)

OOME stack traces (most recent first):
Classloader memory used:
Loader org.gradle.internal.classloader.VisitableURLClassLoader                         : 39974K
Loader bootstrap                                                                       : 27380K
Loader org.gradle.internal.classloader.VisitableURLClassLoader$InstrumentingVisitableURLClassLoader: 13001K
Loader org.gradle.initialization.MixInLegacyTypesClassLoader                           : 10507K
Loader jdk.internal.loader.ClassLoaders$PlatformClassLoader                            : 512K
Loader org.gradle.groovy.scripts.internal.DefaultScriptCompilationHandler$ScriptClassLoader: 383K
Loader jdk.internal.loader.ClassLoaders$AppClassLoader                                 : 235K
Loader jdk.internal.reflect.DelegatingClassLoader                                      : 156K
Loader org.gradle.internal.classloader.VisitableURLClassLoader                         : 40736B
Loader org.codehaus.groovy.runtime.callsite.CallSiteClassLoader                        : 30360B
Loader sun.reflect.misc.MethodUtil                                                     : 2984B

Classes loaded by more than one classloader:
Class com.google.common.base.PairwiseEquivalence                                      : loaded 2 times (x 83B)
Class com.google.common.base.Equivalence$Identity                                     : loaded 2 times (x 82B)
Class com.google.common.collect.RegularImmutableMap$KeySet                            : loaded 2 times (x 152B)
Class org.gradle.internal.classloader.FilteringClassLoader                            : loaded 2 times (x 105B)
Class com.google.common.base.CharMatcher$IsEither                                     : loaded 2 times (x 111B)
Class org.gradle.internal.classloader.ClassLoaderHierarchy                            : loaded 2 times (x 70B)
Class com.google.common.collect.ImmutableEnumSet                                      : loaded 2 times (x 146B)
Class com.google.common.util.concurrent.ExecutionError                                : loaded 2 times (x 82B)
Class com.google.common.collect.ImmutableList$1                                       : loaded 2 times (x 97B)
Class org.gradle.api.internal.classpath.ManifestUtil                                  : loaded 2 times (x 71B)
Class com.google.common.collect.RegularImmutableMap                                   : loaded 2 times (x 121B)
Class com.google.common.collect.ImmutableMap$MapViewOfValuesAsSingletonSets           : loaded 2 times (x 126B)
Class [Lorg.objectweb.asm.Symbol;                                                     : loaded 2 times (x 69B)
Class org.objectweb.asm.ClassVisitor                                                  : loaded 2 times (x 88B)
Class com.google.common.collect.UnmodifiableListIterator                              : loaded 2 times (x 95B)
Class org.objectweb.asm.MethodTooLargeException                                       : loaded 2 times (x 83B)
Class [Lcom.google.common.cache.CacheBuilder$OneWeigher;                              : loaded 2 times (x 69B)
Class com.google.common.base.Suppliers                                                : loaded 2 times (x 71B)
Class org.gradle.internal.classloader.DefaultClassLoaderFactory                       : loaded 2 times (x 82B)
Class org.gradle.internal.classloader.ClassLoaderVisitor                              : loaded 2 times (x 76B)
Class [Lcom.google.common.collect.ImmutableMapEntry;                                  : loaded 2 times (x 69B)
Class org.gradle.api.internal.classpath.EffectiveClassPath                            : loaded 2 times (x 90B)
Class com.google.common.collect.ListMultimap                                          : loaded 2 times (x 70B)
Class com.google.common.collect.ImmutableEnumMap                                      : loaded 2 times (x 126B)
Class com.google.common.collect.Sets$1                                                : loaded 2 times (x 139B)
Class org.objectweb.asm.AnnotationVisitor                                             : loaded 2 times (x 78B)
Class org.gradle.api.internal.DefaultClassPathProvider                                : loaded 2 times (x 76B)
Class com.google.common.collect.Sets$2                                                : loaded 2 times (x 139B)
Class [Lorg.gradle.api.internal.ClassPathProvider;                                    : loaded 2 times (x 69B)
Class org.gradle.api.internal.ClassPathProvider                                       : loaded 2 times (x 70B)
Class com.google.common.collect.Sets$3                                                : loaded 2 times (x 139B)
Class com.google.common.util.concurrent.AbstractFuture$SafeAtomicHelper               : loaded 2 times (x 79B)
Class com.google.common.cache.LocalCache$LocalLoadingCache                            : loaded 2 times (x 134B)
Class org.gradle.internal.service.UnknownServiceException                             : loaded 2 times (x 83B)
Class com.google.common.collect.Sets$4                                                : loaded 2 times (x 139B)
Class org.objectweb.asm.ModuleVisitor                                                 : loaded 2 times (x 81B)
Class com.google.common.cache.LocalCache$Strength$1                                   : loaded 2 times (x 81B)
Class com.google.common.util.concurrent.SettableFuture                                : loaded 2 times (x 114B)
Class com.google.common.cache.LocalCache$Strength$2                                   : loaded 2 times (x 81B)
Class com.google.common.cache.LocalCache$Strength$3                                   : loaded 2 times (x 81B)
Class com.google.common.collect.MapDifference                                         : loaded 2 times (x 70B)
Class org.objectweb.asm.FieldWriter                                                   : loaded 2 times (x 78B)
Class com.google.common.cache.CacheBuilder$NullListener                               : loaded 2 times (x 82B)
Class org.gradle.internal.classpath.TransformedClassPath                              : loaded 2 times (x 96B)
Class org.gradle.internal.classloader.InstrumentingClassLoader                        : loaded 2 times (x 70B)
Class com.google.common.cache.CacheLoader$FunctionToCacheLoader                       : loaded 2 times (x 75B)
Class com.google.common.collect.Iterators$ArrayItr                                    : loaded 2 times (x 97B)
Class com.google.common.collect.ImmutableCollection$Builder                           : loaded 2 times (x 76B)
Class com.google.common.base.Joiner                                                   : loaded 2 times (x 79B)
Class com.google.common.base.MoreObjects                                              : loaded 2 times (x 71B)
Class com.google.common.collect.Platform                                              : loaded 2 times (x 71B)
Class [Lorg.objectweb.asm.Type;                                                       : loaded 2 times (x 69B)
Class com.google.common.collect.UnmodifiableIterator                                  : loaded 2 times (x 80B)
Class org.gradle.internal.service.ServiceLocator                                      : loaded 2 times (x 70B)
Class com.google.common.base.Ascii                                                    : loaded 2 times (x 71B)
Class com.google.common.cache.LocalCache$1                                            : loaded 2 times (x 89B)
Class com.google.common.collect.SingletonImmutableBiMap                               : loaded 2 times (x 143B)
Class com.google.common.collect.AbstractMapEntry                                      : loaded 2 times (x 81B)
Class com.google.common.collect.AbstractMultimap                                      : loaded 2 times (x 123B)
Class com.google.common.cache.LocalCache$2                                            : loaded 2 times (x 142B)
Class com.google.common.util.concurrent.AbstractFuture$UnsafeAtomicHelper$1           : loaded 2 times (x 76B)
Class com.google.common.collect.RegularImmutableAsList                                : loaded 2 times (x 217B)
Class com.google.common.util.concurrent.AbstractFuture$Trusted                        : loaded 2 times (x 70B)
Class com.google.common.collect.Iterators                                             : loaded 2 times (x 71B)
Class com.google.common.collect.Lists$StringAsImmutableList                           : loaded 2 times (x 207B)
Class com.google.common.util.concurrent.UncheckedExecutionException                   : loaded 2 times (x 82B)
Class org.gradle.internal.InternalTransformer                                         : loaded 2 times (x 70B)
Class org.objectweb.asm.ClassWriter                                                   : loaded 2 times (x 106B)
Class com.google.common.cache.CacheLoader$UnsupportedLoadingOperationException        : loaded 2 times (x 82B)
Class com.google.common.base.CharMatcher$And                                          : loaded 2 times (x 112B)
Class build_72r9oe0975chzv6dwd65zm3i5                                                 : loaded 2 times (x 180B)
Class org.gradle.internal.classloader.ClasspathUtil$1                                 : loaded 2 times (x 76B)
Class org.objectweb.asm.FieldVisitor                                                  : loaded 2 times (x 77B)
Class com.google.common.collect.IndexedImmutableSet                                   : loaded 2 times (x 152B)
Class com.google.common.collect.ImmutableMap$1                                        : loaded 2 times (x 81B)
Class com.google.common.collect.BiMap                                                 : loaded 2 times (x 70B)
Class org.gradle.api.internal.classpath.DefaultModuleRegistry$DefaultModule           : loaded 2 times (x 86B)
Class com.google.common.primitives.Ints                                               : loaded 2 times (x 71B)
Class com.google.common.collect.AbstractIterator                                      : loaded 2 times (x 82B)
Class com.google.common.collect.ObjectArrays                                          : loaded 2 times (x 71B)
Class com.google.common.collect.Multiset                                              : loaded 2 times (x 70B)
Class com.google.common.collect.ArrayListMultimapGwtSerializationDependencies         : loaded 2 times (x 172B)
Class com.google.common.collect.AbstractIndexedListIterator                           : loaded 2 times (x 96B)
Class com.google.common.math.MathPreconditions                                        : loaded 2 times (x 71B)
Class com.google.common.collect.ImmutableMapEntrySet                                  : loaded 2 times (x 152B)
Class org.gradle.api.internal.classpath.Module                                        : loaded 2 times (x 70B)
Class com.google.common.cache.Weigher                                                 : loaded 2 times (x 70B)
Class org.gradle.api.internal.classpath.UnknownModuleException                        : loaded 2 times (x 82B)
Class com.google.common.base.Stopwatch                                                : loaded 2 times (x 72B)
Class com.google.common.cache.LocalCache$Strength                                     : loaded 2 times (x 81B)
Class com.google.common.cache.Cache                                                   : loaded 2 times (x 70B)
Class com.google.common.util.concurrent.AbstractFuture$Cancellation                   : loaded 2 times (x 72B)
Class com.google.common.collect.ImmutableMap$Builder                                  : loaded 2 times (x 82B)
Class com.google.common.cache.RemovalListener                                         : loaded 2 times (x 70B)
Class org.gradle.api.internal.DefaultClassPathRegistry                                : loaded 2 times (x 76B)
Class com.google.common.primitives.IntsMethodsForWeb                                  : loaded 2 times (x 71B)
Class com.google.common.collect.Multimap                                              : loaded 2 times (x 70B)
Class build_72r9oe0975chzv6dwd65zm3i5$_run_closure1                                   : loaded 2 times (x 139B)
Class org.gradle.api.internal.ClassPathRegistry                                       : loaded 2 times (x 70B)
Class org.gradle.internal.classpath.DefaultClassPath$ImmutableUniqueList              : loaded 2 times (x 199B)
Class com.google.common.cache.CacheBuilder                                            : loaded 2 times (x 72B)
Class com.google.common.collect.SingletonImmutableList                                : loaded 2 times (x 207B)
Class org.gradle.internal.classpath.ClassPath                                         : loaded 2 times (x 70B)
Class org.gradle.api.UncheckedIOException                                             : loaded 2 times (x 82B)
Class com.google.common.collect.ImmutableList$ReverseImmutableList                    : loaded 2 times (x 209B)
Class org.objectweb.asm.SymbolTable$Entry                                             : loaded 2 times (x 74B)
Class com.google.common.util.concurrent.AbstractFuture$AtomicHelper                   : loaded 2 times (x 78B)
Class org.objectweb.asm.Edge                                                          : loaded 2 times (x 72B)
Class com.google.common.base.Suppliers$SupplierOfInstance                             : loaded 2 times (x 79B)
Class com.google.common.collect.Iterators$1                                           : loaded 2 times (x 81B)
Class settings_9u1dxy45eq7r2al17rrbuw8fm$_run_closure1                                : loaded 2 times (x 139B)
Class com.google.common.cache.LocalCache$ComputingValueReference                      : loaded 2 times (x 96B)
Class com.google.common.collect.SingletonImmutableSet                                 : loaded 2 times (x 146B)
Class com.google.common.collect.ImmutableMap$IteratorBasedImmutableMap                : loaded 2 times (x 126B)
Class com.google.common.cache.LocalCache$Segment                                      : loaded 2 times (x 154B)
Class com.google.common.collect.AbstractListMultimap                                  : loaded 2 times (x 172B)
Class [Lorg.objectweb.asm.SymbolTable$Entry;                                          : loaded 2 times (x 69B)
Class com.google.common.cache.CacheLoader                                             : loaded 2 times (x 74B)
Class com.google.common.collect.Iterators$4                                           : loaded 2 times (x 82B)
Class com.google.common.collect.ImmutableBiMap                                        : loaded 2 times (x 143B)
Class org.gradle.internal.installation.GradleInstallation$1                           : loaded 2 times (x 75B)
Class org.gradle.api.internal.classpath.ModuleRegistry                                : loaded 2 times (x 70B)
Class com.google.common.util.concurrent.internal.InternalFutureFailureAccess          : loaded 2 times (x 72B)
Class com.google.common.collect.Iterators$5                                           : loaded 2 times (x 82B)
Class com.google.common.collect.ImmutableSet$JdkBackedSetBuilderImpl                  : loaded 2 times (x 76B)
Class com.google.common.util.concurrent.AbstractFuture$UnsafeAtomicHelper             : loaded 2 times (x 78B)
Class com.google.common.cache.LocalCache$LocalManualCache$1                           : loaded 2 times (x 75B)
Class com.google.common.base.CharMatcher$ForPredicate                                 : loaded 2 times (x 112B)
Class com.google.common.base.CharMatcher$AnyOf                                        : loaded 2 times (x 112B)
Class com.google.common.collect.ImmutableCollection                                   : loaded 2 times (x 125B)
Class org.gradle.api.internal.classpath.DefaultModuleRegistry                         : loaded 2 times (x 86B)
Class com.google.common.collect.Lists                                                 : loaded 2 times (x 71B)
Class com.google.common.util.concurrent.ListenableFuture                              : loaded 2 times (x 70B)
Class com.google.common.cache.ReferenceEntry                                          : loaded 2 times (x 70B)
Class com.google.common.base.Converter                                                : loaded 2 times (x 90B)
Class com.google.common.collect.ImmutableSet$CachingAsList                            : loaded 2 times (x 148B)
Class com.google.common.collect.AbstractMapBasedMultimap                              : loaded 2 times (x 139B)
Class com.google.common.util.concurrent.AbstractFuture                                : loaded 2 times (x 106B)
Class com.google.common.base.FunctionalEquivalence                                    : loaded 2 times (x 83B)
Class com.google.common.collect.Iterators$9                                           : loaded 2 times (x 81B)
Class com.google.common.collect.ImmutableAsList                                       : loaded 2 times (x 209B)
Class org.objectweb.asm.RecordComponentVisitor                                        : loaded 2 times (x 77B)
Class com.google.common.cache.CacheLoader$SupplierToCacheLoader                       : loaded 2 times (x 75B)
Class settings_9u1dxy45eq7r2al17rrbuw8fm$_run_closure1$_closure2$_closure3            : loaded 2 times (x 139B)
Class com.google.common.collect.Maps$EntryTransformer                                 : loaded 2 times (x 70B)
Class settings_9u1dxy45eq7r2al17rrbuw8fm$_run_closure1$_closure2$_closure4            : loaded 2 times (x 139B)
Class org.gradle.internal.service.ServiceLookupException                              : loaded 2 times (x 82B)
Class [Lcom.google.common.cache.LocalCache$EntryFactory;                              : loaded 2 times (x 69B)
Class settings_9u1dxy45eq7r2al17rrbuw8fm$_run_closure1$_closure2$_closure5            : loaded 2 times (x 139B)
Class org.gradle.internal.classloader.ClassLoaderFactory                              : loaded 2 times (x 70B)
Class build_3uefjlixf4thg8re4vezj15yo$_run_closure1                                   : loaded 2 times (x 139B)
Class com.google.common.cache.LocalCache$LocalManualCache                             : loaded 2 times (x 99B)
Class com.google.common.base.CharMatcher$IsNot                                        : loaded 2 times (x 111B)
Class settings_9u1dxy45eq7r2al17rrbuw8fm$_run_closure1$_closure2$_closure6            : loaded 2 times (x 139B)
Class org.gradle.internal.service.CachingServiceLocator                               : loaded 2 times (x 82B)
Class com.google.common.math.IntMath                                                  : loaded 2 times (x 71B)
Class settings_9u1dxy45eq7r2al17rrbuw8fm$_run_closure1$_closure2$_closure7            : loaded 2 times (x 139B)
Class com.google.common.collect.ImmutableMapEntry                                     : loaded 2 times (x 85B)
Class settings_9u1dxy45eq7r2al17rrbuw8fm$_run_closure1$_closure2$_closure8            : loaded 2 times (x 139B)
Class com.google.common.base.Equivalence                                              : loaded 2 times (x 82B)
Class com.google.common.base.Function                                                 : loaded 2 times (x 70B)
Class com.google.common.collect.ImmutableMapEntry$NonTerminalImmutableMapEntry        : loaded 2 times (x 85B)
Class com.google.common.cache.CacheBuilder$OneWeigher                                 : loaded 2 times (x 82B)
Class com.google.common.collect.RegularImmutableList                                  : loaded 2 times (x 213B)
Class org.gradle.internal.classloader.ClasspathUtil                                   : loaded 2 times (x 71B)
Class com.google.common.base.Charsets                                                 : loaded 2 times (x 71B)
Class com.google.common.util.concurrent.Uninterruptibles                              : loaded 2 times (x 71B)
Class com.google.common.collect.Maps                                                  : loaded 2 times (x 71B)
Class org.gradle.api.specs.Spec                                                       : loaded 2 times (x 70B)
Class [Lcom.google.common.collect.ImmutableEntry;                                     : loaded 2 times (x 69B)
Class com.google.common.cache.LocalCache$LoadingValueReference                        : loaded 2 times (x 96B)
Class com.google.common.collect.Maps$8                                                : loaded 2 times (x 82B)
Class com.google.common.collect.Sets$SetView                                          : loaded 2 times (x 138B)
Class com.google.common.cache.LocalCache$StrongValueReference                         : loaded 2 times (x 90B)
Class com.google.common.util.concurrent.AbstractFuture$SynchronizedHelper             : loaded 2 times (x 78B)
Class org.objectweb.asm.Type                                                          : loaded 2 times (x 72B)
Class org.gradle.internal.classloader.VisitableURLClassLoader$InstrumentingVisitableURLClassLoader: loaded 2 times (x 123B)
Class org.objectweb.asm.ByteVector                                                    : loaded 2 times (x 79B)
Class [Lcom.google.common.cache.CacheBuilder$NullListener;                            : loaded 2 times (x 69B)
Class com.google.common.math.IntMath$1                                                : loaded 2 times (x 71B)
Class org.gradle.internal.classloader.VisitableURLClassLoader$Spec                    : loaded 2 times (x 74B)
Class org.gradle.internal.classpath.DefaultClassPath                                  : loaded 2 times (x 90B)
Class org.objectweb.asm.Symbol                                                        : loaded 2 times (x 73B)
Class com.google.common.base.CharMatcher$Ascii                                        : loaded 2 times (x 112B)
Class com.google.common.base.CharMatcher$BitSetMatcher                                : loaded 2 times (x 112B)
Class com.google.common.collect.RegularImmutableMap$Values                            : loaded 2 times (x 207B)
Class com.google.common.collect.ImmutableSet                                          : loaded 2 times (x 145B)
Class org.gradle.internal.classloader.ClassLoaderSpec                                 : loaded 2 times (x 71B)
Class org.objectweb.asm.AnnotationWriter                                              : loaded 2 times (x 79B)
Class com.google.common.cache.CacheStats                                              : loaded 2 times (x 71B)
Class org.objectweb.asm.RecordComponentWriter                                         : loaded 2 times (x 78B)
Class com.google.common.util.concurrent.AbstractFuture$Listener                       : loaded 2 times (x 72B)
Class com.google.common.base.CharMatcher$Or                                           : loaded 2 times (x 112B)
Class org.objectweb.asm.Attribute                                                     : loaded 2 times (x 77B)
Class com.google.common.base.Supplier                                                 : loaded 2 times (x 70B)
Class org.gradle.internal.classloader.VisitableURLClassLoader                         : loaded 2 times (x 117B)
Class com.google.common.util.concurrent.AbstractFuture$Waiter                         : loaded 2 times (x 72B)
Class org.gradle.internal.Cast                                                        : loaded 2 times (x 71B)
Class org.gradle.api.Action                                                           : loaded 2 times (x 70B)
Class com.google.common.collect.Sets                                                  : loaded 2 times (x 71B)
Class org.objectweb.asm.Handler                                                       : loaded 2 times (x 72B)
Class com.google.common.base.Ticker                                                   : loaded 2 times (x 72B)
Class com.google.common.base.CharMatcher$FastMatcher                                  : loaded 2 times (x 111B)
Class [Lcom.google.common.cache.LocalCache$Segment;                                   : loaded 2 times (x 69B)
Class [Lcom.google.common.cache.LocalCache$Strength;                                  : loaded 2 times (x 69B)
Class com.google.common.cache.CacheBuilder$1                                          : loaded 2 times (x 85B)
Class com.google.common.base.Predicate                                                : loaded 2 times (x 70B)
Class com.google.common.collect.ImmutableMap                                          : loaded 2 times (x 120B)
Class org.gradle.internal.classpath.DefaultClassPath$ImmutableUniqueList$Builder      : loaded 2 times (x 75B)
Class com.google.common.cache.LocalCache                                              : loaded 2 times (x 187B)
Class com.google.common.cache.CacheBuilder$2                                          : loaded 2 times (x 79B)
Class com.google.common.base.CharMatcher$NegatedFastMatcher                           : loaded 2 times (x 113B)
Class com.google.common.collect.ArrayListMultimap                                     : loaded 2 times (x 172B)
Class com.google.common.cache.CacheBuilder$3                                          : loaded 2 times (x 72B)
Class [Lcom.google.common.collect.AbstractMapEntry;                                   : loaded 2 times (x 69B)
Class com.google.common.collect.ImmutableEntry                                        : loaded 2 times (x 82B)
Class org.gradle.api.GradleException                                                  : loaded 2 times (x 82B)
Class com.google.common.collect.CollectPreconditions                                  : loaded 2 times (x 71B)
Class com.google.common.collect.SortedMapDifference                                   : loaded 2 times (x 70B)
Class build_3uefjlixf4thg8re4vezj15yo                                                 : loaded 2 times (x 180B)
Class com.google.common.cache.LocalCache$EntryFactory                                 : loaded 2 times (x 83B)
Class com.google.common.cache.LocalCache$AbstractReferenceEntry                       : loaded 2 times (x 107B)
Class org.gradle.internal.IoActions                                                   : loaded 2 times (x 71B)
Class org.objectweb.asm.SymbolTable                                                   : loaded 2 times (x 72B)
Class com.google.common.cache.CacheLoader$InvalidCacheLoadException                   : loaded 2 times (x 82B)
Class com.google.common.collect.ImmutableSet$RegularSetBuilderImpl                    : loaded 2 times (x 77B)
Class org.gradle.internal.classloader.SystemClassLoaderSpec                           : loaded 2 times (x 71B)
Class com.google.common.cache.LocalCache$StrongEntry                                  : loaded 2 times (x 108B)
Class com.google.common.util.concurrent.AbstractFuture$TrustedFuture                  : loaded 2 times (x 114B)
Class com.google.common.cache.LoadingCache                                            : loaded 2 times (x 70B)
Class org.objectweb.asm.MethodWriter                                                  : loaded 2 times (x 106B)
Class [Lcom.google.common.cache.Weigher;                                              : loaded 2 times (x 69B)
Class com.google.common.collect.RegularImmutableMap$BucketOverflowException           : loaded 2 times (x 82B)
Class com.google.common.cache.LocalCache$ValueReference                               : loaded 2 times (x 70B)
Class com.google.common.base.CharMatcher$Negated                                      : loaded 2 times (x 113B)
Class com.google.common.base.CharMatcher$Is                                           : loaded 2 times (x 111B)
Class com.google.common.collect.RegularImmutableBiMap                                 : loaded 2 times (x 149B)
Class com.google.common.util.concurrent.AbstractFuture$Failure                        : loaded 2 times (x 72B)
Class com.google.common.base.Equivalence$Equals                                       : loaded 2 times (x 82B)
Class com.google.common.collect.Hashing                                               : loaded 2 times (x 71B)
Class com.google.common.base.Preconditions                                            : loaded 2 times (x 71B)
Class com.google.common.base.Joiner$1                                                 : loaded 2 times (x 80B)
Class org.objectweb.asm.Label                                                         : loaded 2 times (x 73B)
Class org.objectweb.asm.CurrentFrame                                                  : loaded 2 times (x 73B)
Class org.objectweb.asm.ClassTooLargeException                                        : loaded 2 times (x 83B)
Class com.google.common.base.CharMatcher                                              : loaded 2 times (x 111B)
Class com.google.common.collect.PeekingIterator                                       : loaded 2 times (x 70B)
Class com.google.common.base.Joiner$2                                                 : loaded 2 times (x 79B)
Class org.objectweb.asm.Frame                                                         : loaded 2 times (x 73B)
Class org.objectweb.asm.MethodVisitor                                                 : loaded 2 times (x 105B)
Class com.google.common.cache.LocalCache$EntryFactory$1                               : loaded 2 times (x 83B)
Class [Lcom.google.common.cache.RemovalListener;                                      : loaded 2 times (x 69B)
Class com.google.common.base.CharMatcher$1                                            : loaded 2 times (x 113B)
Class com.google.common.base.CharMatcher$NamedFastMatcher                             : loaded 2 times (x 112B)
Class com.google.common.cache.LocalCache$EntryFactory$2                               : loaded 2 times (x 83B)
Class org.gradle.api.internal.classpath.GlobalCacheRootsProvider                      : loaded 2 times (x 70B)
Class org.objectweb.asm.ModuleWriter                                                  : loaded 2 times (x 82B)
Class com.google.common.cache.LocalCache$EntryFactory$3                               : loaded 2 times (x 83B)
Class com.google.common.base.Ticker$1                                                 : loaded 2 times (x 72B)
Class com.google.common.collect.Maps$BiMapConverter                                   : loaded 2 times (x 90B)
Class com.google.common.collect.ImmutableMapEntrySet$RegularEntrySet                  : loaded 2 times (x 152B)
Class com.google.common.cache.LocalCache$EntryFactory$4                               : loaded 2 times (x 83B)
Class com.google.common.base.CharMatcher$InRange                                      : loaded 2 times (x 111B)
Class com.google.common.collect.ImmutableSet$Builder                                  : loaded 2 times (x 85B)
Class settings_9u1dxy45eq7r2al17rrbuw8fm                                              : loaded 2 times (x 179B)
Class com.google.common.cache.LocalCache$EntryFactory$5                               : loaded 2 times (x 83B)
Class com.google.common.cache.LocalCache$EntryFactory$6                               : loaded 2 times (x 83B)
Class org.gradle.internal.installation.CurrentGradleInstallationLocator               : loaded 2 times (x 71B)
Class com.google.common.cache.LocalCache$EntryFactory$7                               : loaded 2 times (x 83B)
Class com.google.common.collect.ImmutableSet$EmptySetBuilderImpl                      : loaded 2 times (x 76B)
Class com.google.common.collect.ImmutableList                                         : loaded 2 times (x 206B)
Class settings_9u1dxy45eq7r2al17rrbuw8fm$_run_closure1$_closure2                      : loaded 2 times (x 139B)
Class org.gradle.internal.service.DefaultServiceLocator                               : loaded 2 times (x 83B)
Class com.google.common.cache.LocalCache$EntryFactory$8                               : loaded 2 times (x 83B)
Class com.google.common.collect.ImmutableSet$SetBuilderImpl                           : loaded 2 times (x 76B)
Class org.gradle.internal.installation.CurrentGradleInstallation                      : loaded 2 times (x 73B)
Class com.google.common.cache.CacheLoader$1                                           : loaded 2 times (x 75B)
Class com.google.common.collect.ImmutableList$SubList                                 : loaded 2 times (x 209B)
Class org.gradle.util.internal.GUtil                                                  : loaded 2 times (x 71B)
Class com.google.common.util.concurrent.AbstractFuture$SetFuture                      : loaded 2 times (x 75B)
Class com.google.common.cache.AbstractCache$StatsCounter                              : loaded 2 times (x 70B)
Class com.google.common.collect.Iterators$MergingIterator                             : loaded 2 times (x 81B)
Class com.google.common.collect.RegularImmutableSet                                   : loaded 2 times (x 149B)
Class org.gradle.internal.installation.GradleInstallation                             : loaded 2 times (x 75B)
Class com.google.common.collect.Iterables                                             : loaded 2 times (x 71B)

---------------  S Y S T E M  ---------------

OS:
 Windows 11 , 64 bit Build 26100 (10.0.26100.8875)
OS uptime: 3 days 22:12 hours
Hyper-V role detected

CPU: total 8 (initial active 8) (4 cores per cpu, 2 threads per core) family 6 model 142 stepping 12 microcode 0x100, cx8, cmov, fxsr, ht, mmx, 3dnowpref, sse, sse2, sse3, ssse3, sse4.1, sse4.2, popcnt, lzcnt, tsc, tscinvbit, avx, avx2, aes, erms, clmul, bmi1, bmi2, adx, fma, vzeroupper, clflush, clflushopt, hv, rdtscp, f16c
Processor Information for the first 8 processors :
  Max Mhz: 1800, Current Mhz: 1600, Mhz Limit: 1584

Memory: 4k page, system-wide physical 8006M (375M free)
TotalPageFile size 32582M (AvailPageFile size 8M)
current process WorkingSet (physical memory assigned to process): 432M, peak: 432M
current process commit charge ("private bytes"): 464M, peak: 465M

vm_info: OpenJDK 64-Bit Server VM (21.0.10+-14961533-b1163.108) for windows-amd64 JRE (21.0.10+-14961533-b1163.108), built on 2026-03-02T19:58:50Z by "builder" with MS VC++ 16.10 / 16.11 (VS2019)

END.
